PDB,Protein chains,RNA chains,Kd(mol),T(k),pH,△G(kcal/mol),Protein sequences,RNA sequences,fold_0,fold_1,fold_2,fold_3,fold_4
2MJH,A,B,6.099999999999999e-08,Default=298,Default=7,-9.837,A:LPEPAGDMISITEKIYVPKNEYPDYNFVGRILGPRGMTAKQLEQDTGCKIMVRGKGSMRDKSKESAHRGKANWEHLEDDLHVLVQCEDTENRVHIKLQAALEQVKKLLIPAPEGTDELKRKQLMELAIINGTYRPMKSPNPA,B:CUACUCAUAU,val,train,train,train,train
3R2C,"A,J",R,1.6e-08,298,Default=298,-10.63,"A:MRYRKGARDTAFLVLYRWDLRGENPGELFKEVVEEKNIKNKDAYEYAKKLVDTAVRHIEEIDSIIEKHLKGWSIDRLGYVERNALRLGVAELIFLKSKEPGRVFIDIVDLVKKYADEKAGKFVNGVLSAIYKAYITSS,J:QEKIRIKLRAYDHRLLDQSVKQIIETVKRTGGVVKGPIPLPTRKSEFSRILDIIRFTPQTIEALMEISLPAGVDVEVKM",R:GGCUCCUUG,val,train,train,train,train
6GX6,A,B,4.7e-06,Default=298,Default=7,-7.265,A:GSMNKLYIGNLSENAAPSDLESIFKDAKIPVSGPFLVKTGYAFVDCPDESWALKAIEALSGKIELHGKPIEVEHSVPKRQRIRKLQIRNIPPHLQWEVLDSLLVQYGVVESCEQVNTDSETAVVNVTYSSKDQARQALDKLNGFQLENFTLKVAYIPDE,B:ACAC,val,train,train,train,train
3ADL,A,"B,C",7.8e-08,293,7.4,-9.53,A:GLVPRGSHEVGALQELVVQKGWRLPEYTVTQESGPAHRKEFTMTCRVERFIEIGSGTSKKLAKRNAAAKMLLRVHT,"B:CGCGCGCGCG,C:CGCGCGCGCG",val,train,train,train,train
3V71,A,B,7.4e-09,277,7.4,-10.31,A:ISLEDVLLNGQLIDFAIDPSGVKFLEANYPLDSEDQIRKAVFEKFTESTTLFVGLCHSRNGNFIVQKLVELATPAEQRELLRQMIDGGLLAMCKDKFACRVVQLALQKFDHSNVFQLIQELSTFDLAAMCTDQISIHVIQRVVKQLPVDMWTFFVHFLSSGDSLMAVCQDKYGCRLVQQVIDRLAENPKLPCFKFRIQLLHSLMTCIVRNCYRLSSNEFANYVIQYVIKSSGIMEMYRDTIIDKCLLRNLLSMSQDKYASHVIEGAFLFAPPALLHEMMEEIFSVKDVESNRDALDILLFHQYGNYVVQQMISICTAALIELPPAILLLYSGWYEKMKQRVLQHASRLERFSSGKKIIDSVMRH,B:CUGUAUC,val,train,train,train,train
1S03,H,A,1.6e-07,313,7.6,-9.73,H:QDPIADMLTRIRNGQAANKAAVTMPSSKLKVAIANVLKEEGFIEDFKVEGDTKPELELTLKYFQGKAVVESIQRVSRPGLRIYKRKDELPKVMAGLGIAVVSTSKGVMTDRAARQAGLGGEIICYVA,A:GGACGAUGGCGAAACUGCAUGAGGCAAUUCAUGCAAGUCCCUCGUCC,val,train,train,train,train
2IHX,A,B,1.9e-09,303,7.0,-12.09,A:GRARGLCYTCGSPGHYQAQCPKKRKSGNSRERCQLCNGMGHNAKQCRKRD,B:CUGCCCUCAUCCGUCUCGCUUAUUCGGGGAGCGGACGAUGACCCUAGUAGAGGGGGCUGCGGCUUAGGAGGGCAG,val,train,train,train,train
4JVY,A,D,7e-08,298,7.5,-9.76,A:SHEATVEYLADLVKEKKHLTLFPHMFSNVERLLDDEIGRVRVALFQTEFPRVELPEPAGDMISITEKIYVPKNEYPDYNFVGRILGPRGMTAKQLEQDTGCKIMVRGKGSMRDKSKESAHRGKANWEHLEDDLHVLVQCEDTENRVHIKLQAALEQVKKLLIPAPEGTDELKRKQLMELAIINGTYRPMKS,D:CUAACAA,val,train,train,train,train
3RW6,A,H,9e-08,298,Default=298,-9.61,A:NWFKITIPYGRKYDKAWLLSMIQSKCSVPFTPIEFHYENTRAQFFVEDASTASALKAVNYKILDRENRRISIIINSSAPPHTILNELKPEQVEQLKLIMSKRYDGSQQALDLKGLRSDPDLVAQNIDVVLNRRSCMAATLRIIEENIPELLSLNLSNNRLYRLDDMSSIVQKAPNLKILNLSGNELKSERELDKIKGLKLEELWLDGNSLCDTFRDQSTYISAIRERFPKLLRLDGHELPPPIAF,H:GCACUAACCUAAGACAGGAGGGCCGGGAAACCUGCCUAAUCCAAUGACGGGUAAUAGUGU,val,train,train,train,train
2BU1,"A,B",R,1.8000000000000002e-08,Default=298,Default=7,-10.56,"A:ASNFTQFVLVDNGGTGDVTVAPSNFANGVAEWISSNSRSQAYKVTCSVRQSSAQNRKYTIKVEVPKVATQTVGGVELPVAAWRSYLNMELTIPIFATNSDCELIVKAMQGLLKDGNPIPSAIAANSGIY,B:ASNFTQFVLVDNGGTGDVTVAPSNFANGVAEWISSNSRSQAYKVTCSVRQSSAQNRKYTIKVEVPKVATQTVGGVELPVAAWRSYLNMELTIPIFATNSDCELIVKAMQGLLKDGNPIPSAIAANSGIY",R:CAUGAGGAUACCCAUG,val,train,train,train,train
6B3K,"H,L",R,1.2000000000000004e-07,Default=298,Default=7,-9.436,"H:EVQLVESGGGLVQPGGSLRLSCAASGFYISYSSIHWVRQAPGKGLEWVASISPYSGSTYYADSVKGRFTISADTSKNTAYLQMNSLRAEDTAVYYCARQGYRRRSGRGFDYWGQGTLVTVSSASTKGPSVFPLAPSSKSTSGGTAALGCLVKDYFPEPVTVSWNSGALTSGVHTFPAVLQSSGLYSLSSVVTVPSSSLGTQTYICNVNHKPSNTKVDKKVEPKSC,L:SDIQMTQSPSSLSASVGDRVTITCRASQSVSSAVAWYQQKPGKAPKLLIYSASSLYSGVPSRFSGSRSGTDFTLTISSLQPEDFATYYCQQSYSFPSTFGQGTKVEIKRTVAAPSVFIFPPSDEQLKSGTASVVCLLNNFYPREAKVQWKVDNALQSGNSQESVTEQDSKDSTYSLSSTLTLSKADYEKHKVYACEVTHQGLSSPVTKSFNRGEC",R:GACGCGACCGAAAUGGUGAAGGACGGGUCCAGUGCGAGACCCGCACUGUUGAGUAGAGUGUGAGCUCCGUAACUGGUCGCGUC,val,train,train,train,train
6MCE,B,A,2.2500000000000003e-08,Default=298,Default=7,-10.428,B:GISYGRKKRRQRRRAHQ,A:GGGCAGAUUGAGCCUGGGAGCUCUCUGCCC,val,train,train,train,train
4Z7L,A,C,1.3e-08,Default=298,Default=7,-10.753,A:MDLEYMHISYPNILLNMRDGSKLRGYFAKKYIDEEIVHNHRDNAFVYKYPQIQFKIIDRSPLIIGIGSLGINFLESKRIFFEKELIISNDTNDITEVNVHKDMDHFGTTDKILKYQFKTPWMALNAKNSEIYKNSDEIDREEFLKRVLIGNILSMSKSLGYTIEEKLKVKINLKEVPVKFKNQNMVGFRGEFYINFDIPQYLGIGRNVSRGFGTVVKV,C:GCAAAAUAACAAGC,val,train,train,train,train
6MCF,B,A,3.2200000000000004e-08,Default=298,Default=7,-10.215,B:GISYGRKKRRQRRRAHQ,A:GGGAUCUGUCACCCCAUUGAUCGCCGAGAGGCUGAUCUGGUGGUAGGCGGGUCCC,val,train,train,train,train
6U8D,"H,L",A,3.2e-08,Default=298,Default=7,-10.219,"H:EVQLVESGGGLVQPGGSLRLSCAASGFYISSYSIHWVRQAPGKGLEWVASIYPSYGYTSYADSVKGRFTISADTSKNTAYLQMNSLRAEDTAVYYCARRYRSYYSRYGFDYWGQGTLVTVSSASTKGPSVFPLAPSSKSTSGGTAALGCLVKDYFPEPVTVSWNSGALTSGVHTFPAVLQSSGLYSLSSVVTVPSSSLGTQTYICNVNHKPSNTKVDKKVEPKSC,L:SDIQMTQSPSSLSASVGDRVTITCRASQSVSSAVAWYQQKPGKAPKLLIYSASSLYSGVPSRFSGSRSGTDFTLTISSLQPEDFATYYCQQSSYYPSTFGQGTKVEIKRTVAAPSVFIFPPSDEQLKSGTASVVCLLNNFYPREAKVQWKVDNALQSGNSQESVTEQDSKDSTYSLSSTLTLSKADYEKHKVYACEVTHQGLSSPVTKSFNRGEC",A:GGGUCUCGCGGAACCGGUGAGUACACCGGAAUCCAGGAAACUGGAUUUGGGCGUGCCCCCGCGAGACC,val,train,train,train,train
4KZE,"H,L",R,2.5e-08,Default=298,Default=7,-10.365,"H:EVQLVESGGGLVQPGGSLRLSCAASGFYISYSSIHWVRQAPGKGLEWVASISPYSGSTYYADSVKGRFTISADTSKNTAYLQMNSLRAEDTAVYYCARQGYRRRSGRGFDYWGQGTLVTVSSASTKGPSVFPLAPSSKSTSGGTAALGCLVKDYFPEPVTVSWNSGALTSGVHTFPAVLQSSGLYSLSSVVTVPSSSLGTQTYICNVNHKPSNTKVDKKVEPKSC,L:SDIQMTQSPSSLSASVGDRVTITCRASQSVSSAVAWYQQKPGKAPKLLIYSASSLYSGVPSRFSGSRSGTDFTLTISSLQPEDFATYYCQQSYSFPSTFGQGTKVEIKRTVAAPSVFIFPPSDEQLKSGTASVVCLLNNFYPREAKVQWKVDNALQSGNSQESVTEQDSKDSTYSLSSTLTLSKADYEKHKVYACEVTHQGLSSPVTKSFNRGEC",R:GACGCGACCGAAAUGGUGAAGGACGGGUCCAGUGCGAAACACGCACUGUUGAGUAGAGUGUGAGCUCCGUAACUGGUCGCGUC,val,train,train,train,train
6HYU,A,B,1.2600000000000004e-07,Default=298,Default=7,-9.408,A:YKLKEQLVQAVHDNQILIVIGETGSGKTTQITQYLAEAGYTSRGKIGCTQPRRVAAMSVAKRVSEEFGCCLGQEVGYTIRFEDCTSPETVIKYMTDGMLLRECLIDPDLTQYAIIMLDEAHERTIHTDVLFGLLKKTVQKRQDMKLIVTSATLDAVKFSQYFYEAPIFTIPGRTYPVEILYTKEPETDYLDASLITVMQIHLTEPPGDILVFLTGQEEIDTACEILYERMKSLGPDVPELIILPVYSALPSEMQTRIFDPAPPGSRKVVIATNIAETSLTIDGIYYVVDPGFVKQKVYNSKTGIDQLVVTPISQAQAKQRAGRAGRTGPGKCYRLYTERAYRDEMLTTNVPEIQRTNLASTVLSLKAMGINDLLSFDFMDAPPMETLITAMEQLYTLGALDDEGLLTRLGRRMAEFPLEPMLCKMLIMSVHLGCSEEMLTIVSMLSVQNVFYRPKDKQALADQKKAKFHQTEGDHLTLLAVYNSWKNNKFSNPWCYENFIQARSLRRAQDIRKQMLGIMDRHKLDVVSCGKSTVRVQKAICSGFFRNAAKKDPQEGYRTLIDQQVVYIHPSSALFNRQPEWVVYHELVLTTKEYMREVTTIDPRWLVEFAPAFF,B:AAAAAA,val,train,train,train,train
5E08,"H,L",N,1e-08,Default=298,Default=7,-10.908,"H:EVQLVESGGGLVQPGGSLRLSCAASGFSISSSYIHWVRQAPGKGLEWVAYIYPYYGSTYYADSVKGRFTISADTSKNTAYLQMNSLRAEDTAVYYCARYYSSGGSYYRYSRGFDYWGQGTLVTVSSASTKGPSVFPLAPSSGGTAALGCLVKDYFPEPVTVSWNSGALTSGVHTFPAVLQSSGLYSLSSVVTVPSSSLGTQTYICNVNHKPSNTKVDKKVEPKSCDKTH,L:SDIQMTQSPSSLSASVGDRVTITCRASQSVSSAVAWYQQKPGKAPKLLIYSASSLYSGVPSRFSGSRSGTDFTLTISSLQPEDFATYYCQQSYSYPYTFGQGTKVEIKRTVAAPSVFIFPPSDSQLKSGTASVVCLLNNFYPREAKVQWKVDNALQSGNSQESVTEQDSKDSTYSLSSTLTLSKADYEKHKVYACEVTHQGLSSPVTKSFNRGEC",N:GUAUGCAUAGGC,val,train,train,train,train
2PJP,A,B,3e-10,298,6.0,-12.98,A:FSEEQQAIWQKAEPLFGDEPWWVRDLAKETGTDEQAMRLTLRQAAQQGIITAIVKDRYYRNDRIVEFANMIRDLDQECGSTCAADFRDRLGVGRKLAIQILEYFDRIGFTRRRGNDHLLRD,B:GGCGGUUGCAGGUCUGCACCGCC,val,train,train,train,train
2R8S,"H,L",R,5.1e-08,298,7.3,-9.94,"H:EVQLVESGGGLVQPGGSLRLSCAASGFNLYSSSIHWVRQAPGKGLEWVAYISSSYGYTYYADSVKGRFTISADTSKNTAYLQMNSLRAEDTAVYYCARRAAGMSTYGFDYWGQGTLVTVSSASTKGPSVFPLAPSSGTAALGCLVKDYFPEPVTVSWNSGALTSGVHTFPAVLQSSGLYSLSSVVTVPSSSLGTQTYICNVNHKPSNTKVDKKVEPKSC,L:DIQMTQSPSSLSASVGDRVTITCRASQSVSSAVAWYQQKPGKAPKLLIYSASSLYSGVPSRFSGSRSGTDFTLTISSLQPEDFATYYCQQSYSSPITFGQGTKVEIKRTVAAPSVFIFPPSDEQLKSGTASVVCLLNNFYPREAKVQWKVDNALQSGNSQESVTEQDSKDSTYSLSSTLTLSKADYEKHKVYACEVTHQGLSSPVTKSFNRGEC",R:GGAAUUGCGGGAAAGGGGUCAACAGCCGUUCAGUACCAAGUCUCAGGGGAAACUUUGAGAUGGCCUUGCAAAGGGUAUGGUAAUAAGCUGACGGACAUGGUCCUAACACGCAGCCAAGUCCUAAGUCAACAGAUCUUCUGUUGAUAUGGAUGCAGUUCA,val,train,train,train,train
4TUX,A,C,4.61e-08,Default=298,Default=7,-10.003,A:SYTEADPAILSRRQKQIDYGKNTAAYERYVEMVPKDERTRHPRTPNKYGKYSRRAFDGLVKIWRKSLHIYD,C:GGCCAAAGGCCCUUUUCAGGGCCAC,val,train,train,train,train
2C4Y,"A,B",R,6e-10,Default=298,Default=7,-12.574,"A:ASNFTQFVLVDNGGTGDVTVAPSNFANGVAEWISSNSRSQAYKVTCSVRQSSAQNRKYTIKVEVPKVATQTVGGVELPVAAWRSYLNMELTIPIFATNSDCELIVKAMQGLLKDGNPIPSAIAANSGIY,B:ASNFTQFVLVDNGGTGDVTVAPSNFANGVAEWISSNSRSQAYKVTCSVRQSSAQNRKYTIKVEVPKVATQTVGGVELPVAAWRSYLNMELTIPIFATNSDCELIVKAMQGLLKDGNPIPSAIAANSGIY",R:CAUGAGGAUACCCAUG,val,train,train,train,train
6B14,"H,L",R,5e-09,Default=298,Default=7,-11.318,"H:EVQLVESGGGLVQPGGSLRLSCAASGFYISYSSIHWVRQAPGKGLEWVASISPYSGSTYYADSVKGRFTISADTSKNTAYLQMNSLRAEDTAVYYCARQGYRRRSGRGFDYWGQGTLVTVSSASTKGPSVFPLAPSSKSTSGGTAALGCLVKDYFPEPVTVSWNSGALTSGVHTFPAVLQSSGLYSLSSVVTVPSSSLGTQTYICNVNHKPSNTKVDKKVEPKSC,L:SDIQMTQSPSSLSASVGDRVTITCRASQSVSSAVAWYQQKPGKAPKLLIYSASSLYSGVPSRFSGSRSGTDFTLTISSLQPEDFATYYCQQSYSFPNTFGQGTKVEIKRTVAAPSVFIFPPSDEQLKSGTASVVCLLNNFYPREAKVQWKVDNALQSGNSQESVTEQDSKDSTYSLSSTLTLSKADYEKHKVYACEVTHQGLSSPVTKSFNRGEC",R:GACGCGACCGAAAUGGUGAAGGACGGGUCCAGUGCGAAACACGCACUGUUGAGUAGAGUGUGAGCUCCGUAACUGGUCGCGUC,val,train,train,train,train
2F8K,A,B,2.5e-08,298,7.0,-10.37,A:SSMNPKSLTDPKLLKNIPMWLKSLRLHKYSDALSGTPWIELIYLDDETLEKKGVLALGARRKLLKAFGIVIDYKERDLIDRSAY,B:UAAUCUUUGACAGAUU,val,train,train,train,train
2MXY,A,B,2e-06,293,Default=298,-7.64,A:ASNVTNKTDPRSMNSRVFIGNLNTLVVKKSDVEAIFSKYGKIVGCSVHKGFAFVQYVNERNARAAVAGEDGRMIAGQVLDINLAAEPKVNRGKAGVKRSAAEMYG,B:AUUUUUC,val,train,train,train,train
2MZ1,A,B,1.1e-05,Default=298,Default=7,-6.761,A:ASNVTNKTDPRSMNSRVFIGNLNTLVVKKSDVEAIFSKYGKIVGCSVHKGFAFVQYVNERNARAAVAGEDGRMIAGQVLDINLAAEPKVNRGKAGVKRSAAEMYG,B:UUUUC,val,train,train,train,train
2C4Q,"A,B",R,1.2e-09,Default=298,Default=7,-12.163,"A:ASNFTQFVLVDNGGTGDVTVAPSNFANGVAEWISSNSRSQAYKVTCSVRQSSAQNRKYTIKVEVPKVATQTVGGVELPVAAWRSYLNMELTIPIFATNSDCELIVKAMQGLLKDGNPIPSAIAANSGIY,B:ASNFTQFVLVDNGGTGDVTVAPSNFANGVAEWISSNSRSQAYKVTCSVRQSSAQNRKYTIKVEVPKVATQTVGGVELPVAAWRSYLNMELTIPIFATNSDCELIVKAMQGLLKDGNPIPSAIAANSGIY",R:CAUGAGGAUACCCAUG,val,train,train,train,train
3VYX,A,"B,C",1.06e-07,293,7.4,-9.35,A:NAGLHGNWTLENAKARLNQYFQKEKIQGEYKYTQVGPDHNRSFIAEMTIYIKQLGRRIFAREHGSNKKLAAQSCALSLVRQLYHLGVVEAYSGLT,"B:GCGCGCGCGC,C:GCGCGCGCGC",val,train,train,train,train
6D12,"A,B",C,1.29e-07,295,7.0,-9.299,"A:ATGPQFVSGVIVKIISTEPLPGRKQVRDTAAISEVLYVDLLEGDTECHARFKTPLDALAVINAYTEINKKHCWKEILSGDHEQRYWQKILVDRQAKLN,B:ATGPQFVSGVIVKIISTEPLPGRKQVRDTAAISEVLYVDLLEGDTECHARFKTPLDALAVINAYTEINKKHCWKEILSGDHEQRYWQKILVDRQAKLNQPR",C:GGGCUGCAUGUGGCAGCUCGGGCUGCAUGUGGCAGCUC,val,train,train,train,train
2B6G,A,B,3e-08,298,Default=298,-10.26,A:NPKSLTDPKLLKNIPMWLKSLRLHKYSDALSGTPWIELIYLDDETLEKKGVLALGARRKLLKAFGIVIDYKERDLIDRSAY,B:GGAGGCUCUGGCAGCUUUC,val,train,train,train,train
3NMR,A,B,6.5e-07,298,7.0,-8.44,A:SDAIKFVGQVPRTWSEKDLRELFEQYGAVYEINVLRDRSQNPPQSKGCCFVTFYTRKAALEAQNALHNKVLPGHHPIQKPADSEKNNAVEDRKLFIGISKKCTENDIRVFSSFGQIEECRILRGPDGLSRGCAFVTFTTRAAQTAIKAHQAQTEGCSSPVVKFAD,B:UUGUUU,train,val,train,train,train
3K61,A,B,9.690000000000001e-08,Default=298,Default=7,-9.563,A:LPTWSRSRLSLSEVLDSGDLMKFAVDKTGCQFLEKAVKGSLTSYQKFQLFEQVIGRKDDFLKLSTNIFGNYLVQSVIGISLATNDDGYTKRQEKLKNFISSQMTDMCLDKFACRVIQSSLQNMDLSLACKLVQALPRDARLIAICVDQNANHVIQKVVAVIPLKNWEFIVDFVATPEHLRQICSDKYGCRVVQTIIEKLTADSMNVDLTSAAQNLRERALQRLMTSVTNRCQELATNEYANYIIQHIVSNDDLAVYRECIIEKCLMRNLLSLSQEKFASHVVEKAFLHAPLELLAEMMDEIFDGYIPHPDTGKDALDIMMFHQFGNYVVQCMLTICCDAVSGRRQTKEGGYDHAISFQDWLKKLHSRVTKERHRLSRFSSGKKMIETLANLRS,B:UGUAAAAUC,train,val,train,train,train
4ERD,A,"C,D",1.01e-07,298,7.0,-9.54,A:NCLIKIINIPQGTLKAEVVLAVRHLGYEFYCDYIDGQAIRFQNSDEQRLAIQKLLNHNNNKLQIEIRGQICDVISTIPEDEEKNYWNYIKFKKNEFRKFFFKKQQK,"C:GGUCGACAUCUUCGGAUGGACC,D:GGUCGACAUCUUCGGAUGGACC",train,val,train,train,train
5U9B,A,B,1.3e-07,Default=298,Default=7,-9.389,A:MAVSVTPIRDTKWLTLEVCREFQRGTCSRPDTECKFAHPSKSCQVENGRVIACFDSLKGRCSRENCKYLHPPPHLKTQLEINGRNNLIQQKN,B:GUCUCGCUUUUCCCC,train,val,train,train,train
6NOC,A,B,2.02e-08,Default=298,Default=7,-10.492,A:VLPTWSLDSNGEMRSRLSLSEVLDSGDLMKFAVDKTGCQFLEKAVKGSLTSYQKFQLFEQVIGRKDDFLKLSTNIFGNYLVQSVIGISLATNDDGYTKRQEKLKNFISSQMTDMCLDKFACRVIQSSLQNMDLSLACKLVQALPRDARLIAICVDQNANHVIQKVVAVIPLKNWEFIVDFVATPEHLRQICSDKYGAYVVQTIIEKLTADSMNVDLTSAAQNLRERALQRLMTSVTNRCQELATNEYANYIIQHIVSNDDLAVYRECIIEKCLMRNLLSLSQEKFASHVVEKAFLHAPLELLAEMMDEIFDGYIPHPDTGKDALDIMMFHQFGNYVVQCMLTICCDAVSGRRQTKEGGYDHAISFQDWLKKLHSRVTKERHRLSRFSSGKKMIETLANLRST,B:UGUAAAUA,train,val,train,train,train
2LA5,B,A,3.8e-09,Default=298,Default=7,-11.481,B:GPRRGDGRRRGGGGRGQ,A:GCUGCGGUGUGGAAGGAGUGGCUGGGUUGCGCAGCG,train,val,train,train,train
6NOH,A,B,2.27e-08,Default=298,Default=7,-10.422,A:LPTWSLDSNGEMRSRLSLSEVLDSGDLMKFAVDKTGCQFLEKAVKGSLTSYQKFQLFEQVIGRKDDFLKLSTNIFGNYLVQSVIGISLATNDDGYTKRQEKLKNFISSQMTDMCLDKFACRVIQSSLQNMDLSLACKLVQALPRDARLIAICVDQNANHVIQKVVAVIPLKNWEFIVDFVATPEHLRQICSDKYGSYVVSTIIEKLTADSMNVDLTSAAQNLRERALQRLMTSVTNRCQELATNEYANYIIQHIVSNDDLAVYRECIIEKCLMRNLLSLSQEKFASHVVEKAFLHAPLELLAEMMDEIFDGYIPHPDTGKDALDIMMFHQFGNYVVQCMLTICCDAVSGRRQTKEGGYDHAISFQDWLKKLHSRVTKERHRLSRFSSGKKMIETLANLRSTH,B:UGUAAAUA,train,val,train,train,train
4R3I,A,B,2e-06,Default=298,Default=7,-7.77,A:GTSKLKYVLQDARFFLIKSNNHENVSLAKAKGVWSTLPVNEKKLNLAFRSARSVILIFSVRESGKFQGFARLSSESHHGGSPIHWVLPAGMSAKMLGGVFKIDWICRRELPFTKSAHLTNPWNEHKPVKIGRDGQEIELECGTQLCLLFPPDESIDLYQVIHKM,B:GGCU,train,val,train,train,train
3UZS,A,C,3.625e-08,285.25,7.0,-10.31,A:SKKILLPEPSIRSVMQKYLEDRGEVTFEKIFSQKLGYLLFRDFCLKHLEEAKPLVEFYEEIKKYEKLETEEERLVCSREIFDTYIMKELLACSHPFSKSAIEHVQGHLVKKQVPPDLFQPYIEEICQNLRGDVFQKFIESDKFTRFCQWKNVELNIHLTMNDFSVHRIIGRGGFGEVYGCRKADTGKMYAMKCLDKKRIKMKQGETLALNERIMLSLVSTGDCPFIVCMSYAFHTPDKLSFILDLMNGGDLHYHLSQHGVFSEADMRFYAAEIILGLEHMHNRFVVYRDLKPANILLDEHGHVRISDLGLACDFSKKKPHASVGTHGYMAPEVLQKGVAYDSSADWFSLGCMLFKLLRGHSPVELPDSFSPELRSLLEGLLQRDVNRRLGCLGRGAQEVKESPFFRSLDWQMVFLQKYPPPLIPPRGEEDTKGIKLLDSDQELYRNFPLTISERWQQEVAETVFDTINAETDRLEARKKTKNKQLGHEEDYALGKDCIMHGYMSKMGNPFLTQWQRRYFYLFPNRLEWRGEGEAPQSLLTMEEIQSVEETQIKERKCLLLKIRGGKQFVLQCDSDPELVQWKKELRDAYREAQQLVQRVPKMKNKPRAP,C:GGCAGACCAUACGGGUUGCC,train,val,train,train,train
4QVD,"D,E",H,1.49e-06,Default=298,Default=7,-7.945,"D:QSLQDPFLNALRRERVPVSIYLVNGIKLQGQIESFDQFVILLKNTVSQMVYKHAISTVVPS,E:SLQDPFLNALRRERVPVSIYLVNGIKLQGQIESFDQFVILLKNTVSQMVYKHAISTVVPS",H:UAAA,train,val,train,train,train
3IAB,"A,B",R,1.1e-07,303,7.5,-9.65,"A:GVYYNEISRDLDISSSTQCLRFLKETVIPSLANNGNNSTSIQYHGISKNDNIKKSVNKLDKQINADRSLGLQQVVCIFSYGPHIQKLSILEIFKKGYIKNNKKIYQWNKLTSFDIKQEERLKVPILVTVSDSEIIDLNLHSFTKQ,B:RVTKHPSLKTLTHKQIHTTIFVKSTTPYVSALKRINKFLDSVHKQGSSYVAVLGGKAVEKTLALGCHFQDQKNKKIEVYTKTIEVLDEVIQLKKRAVSGVELRIYV",R:GGACUCAGUAAUAUGCUUUGGAAACGAAGCUUACAAAAUGGAGUCC,train,val,train,train,train
6C6K,A,E,4.91e-08,Default=298,Default=7,-9.966,A:QVKDSLEQLRCHFTWELSIDDDEMPDLENRVLDQIEFLDTKYSVGIHNLLAYVKHLKGQNEEALKSLKEAENLMANVRSLVTWGNFAWMYYHMGRLAEAQTYLDKVENICKKLSNPFRYRMECPEIDCEEGWALLKCGGKNYERAKACFEKVLEVDPENPESSAGYAISAYRLDGFKLATKNHKPFSLLPLRQAVRLNPDNGYIKVLLALKLQDEGQEAEGEKYIEEALANMSSQTYVFRYAAKFYRRKGSVDKALELLKKALQETPTSVLLHHQIGLCYKAQMIQIKEATKGQPRGQNREKLDKMIRSAIFHFESAVEKKPTFEVAHLDLARMYIEAGNHRKAEENFQKLLCMKPVVEETMQDIHFHYGRFQEFQKKSDVNAIIHYLKAIKIEQASLTRDKSINSLKKLVLRKLRRKALDLESLSLLGFVYKLEGNMNEALEYYERALRLAADFE,E:AUAGGCGGCG,train,val,train,train,train
4CIO,A,B,6.9e-08,298,6.5,-9.76,A:GAMGSRDTMFTKIFVGGLPYHTSDKTLHEYFEQFGDIEEAVVITDRNTQKSRGYGFVTMKDRASAERACKDPNPIIDGRKANVNLAYLGAKPRTNVQ,B:GGUGUGC,train,val,train,train,train
6NOF,A,B,1.63e-08,Default=298,Default=7,-10.619,A:LPTWSLDSNGEMRSRLSLSEVLDSGDLMKFAVDKTGCQFLEKAVKGSLTSYQKFQLFEQVIGRKDDFLKLSTNIFGNYLVQSVIGISLATNDDGYTKRQEKLKNFISSQMTDMCLDKFACRVIQSSLQNMDLSLACKLVQALPRDARLIAICVDQNANHVIQKVVAVIPLKNWEFIVDFVATPEHLRQICSDKYGAYVVSTIIEKLTADSMNVDLTSAAQNLRERALQRLMTSVTNRCQELATNEYANYIIQHIVSNDDLAVYRECIIEKCLMRNLLSLSQEKFASHVVEKAFLHAPLELLAEMMDEIFDGYIPHPDTGKDALDIMMFHQFGNYVVQCMLTICCDAVSGRRQTKEGGYDHAISFQDWLKKLHSRVTKERHRLSRFSSGKKMIETLANLRSTH,B:UGUAAAUA,train,val,train,train,train
4JVH,A,D,7e-08,Default=298,Default=7,-9.756,A:KPTPDYLQLNDKKLSNHLERLLDEEISRVRKDYNDTSAELPDAVGPIVQLQEKLYVPVKEYPDFNFVGRILGPRGLTAKQLEAETGCKIVRGKGSRDKKKEEQNRGKPNWEHLNEDLHVLITVEDAQNRAEIKLKRAVEEVKKLLVPAAEGEDSLKKQLELAILNGTY,D:ACUAACAA,train,val,train,train,train
2RU3,A,B,5.65e-07,Default=298,Default=7,-8.519,A:GSTNAEPVVGSRDTMFTKIFVGGLPYHTSDKTLHEYFEQFGDIEEAVVITDRNTQKSRGYGFVTMKDRASAERACKDPNPIIDGRKANVNLAYLGAKPRTNVQ,B:GUGUGC,train,val,train,train,train
3K64,A,B,5.2900000000000004e-08,Default=298,Default=7,-9.921,A:LPTWSLDSNGEMRSRLSLSEVLDSGDLMKFAVDKTGCQFLEKAVKGSLTSYQKFQLFEQVIGRKDDFLKLSTNIFGNYLVQSVIGISLATNDDGYTKRQEKLKNFISSQMTDMCLDKFACRVIQSSLQNMDLSLACKLVQALPRDARLIAICVDQNANHVIQKVVAVIPLKNWEFIVDFVATPEHLRQICSDKYGCRVVQTIIEKLTADSMNVDLTSAAQNLRERALQRLMTSVTNRCQELATNEYANYIIQHIVSNDDLAVYRECIIEKCLMRNLLSLSQEKFASHVVEKAFLHAPLELLAEMMDEIFDGYIPHPDTGKDALDIMMFHQFGNYVVQCMLTICCDAVSGRRQTKEGGYDHAISFQDWLKKLHSRVTKERHRLSRFSSGKKMIETLANLRS,B:UGUGUCAUU,train,val,train,train,train
3K5Y,A,B,3.3200000000000006e-08,Default=298,Default=7,-10.197,A:LPTWSLDSNGEMRSRLSLSEVLDSGDLMKFAVDKTGCQFLEKAVKGSLTSYQKFQLFEQVIGRKDDFLKLSTNIFGNYLVQSVIGISLATNDDGYTKRQEKLKNFISSQMTDMCLDKFACRVIQSSLQNMDLSLACKLVQALPRDARLIAICVDQNANHVIQKVVAVIPLKNWEFIVDFVATPEHLRQICSDKYGCRVVQTIIEKLTADSMNVDLTSAAQNLRERALQRLMTSVTNRCQELATNEYANYIIQHIVSNDDLAVYRECIIEKCLMRNLLSLSQEKFASHVVEKAFLHAPLELLAEMMDEIFDGYIPHPDTGKDALDIMMFHQFGNYVVQCMLTICCDAVSGRRQTKEGGYDHAISFQDWLKKLHSRVTKERHRLSRFSSGKKMIETLANLRS,B:UGUGCCAUA,train,val,train,train,train
3K5Z,A,B,3.94e-08,Default=298,Default=7,-10.096,A:LPTWSLRSRLSLSEVLDSGDLMKFAVDKTGCQFLEKAVKGSLTSYQKFQLFEQVIGRKDDFLKLSTNIFGNYLVQSVIGISLATNDDGYTKRQEKLKNFISSQMTDMCLDKFACRVIQSSLQNMDLSLACKLVQALPRDARLIAICVDQNANHVIQKVVAVIPLKNWEFIVDFVATPEHLRQICSDKYGCRVVQTIIEKLTADSMNVDLTSAAQNLRERALQRLMTSVTNRCQELATNEYANYIIQHIVSNDDLAVYRECIIEKCLMRNLLSLSQEKFASHVVEKAFLHAPLELLAEMMDEIFDGYIPHPDTGKDALDIMMFHQFGNYVVQCMLTICCDAVSGRRQTKEGGYDHAISFQDWLKKLHSRVTKERHRLSRFSSGKKMIETLANLRS,B:UGUACCAUA,train,val,train,train,train
6PUN,A,B,1.1170000000000001e-07,Default=298,Default=7,-9.479,A:VLPTWSLDSNGEMRSRLSLSEVLDSGDLMKFAVDKTGCQFLEKAVKGSLTSYQKFQLFEQVIGRKDDFLKLSTNIFGNYLVQSVIGISLATNDDGYTKRQEKLKNFISSQMTDMCLDKFACRVIQSSLQNMDLSLACKLVQALPRDARLIAICVDQNANHVIQKVVAVIPLKNWEFIVDFVATPEHLRQICSDKYGCRVVQTIIEKLTALTSAAQNLRERALQRLMTSVTNRCQELATNEYANYIIQHIVSNDDLAVYRECIIEKCLMRNLLSLSQEKFASHVVEKAFLHAPLELLAEMMDEIFDGYIPHPDTGKDALDIMMFHQFGNYVVQCMLTICCDAVSGRRQTKEGGYDHAISFQDWLKKLHSRVTKERHRLSRFSSGKKMIETLANLRST,B:CUGUGAAU,train,val,train,train,train
6U9X,A,K,4e-08,Default=298,Default=7,-10.087,A:VHLQQSTIQLEKLSHPPARFDSFVYKWQTKAALARKVSGPMREWAAELKYRTGVHIELEPTYPERLSENAQWGAYETADDVDITVYLFGSERGIFNCHKLMEAAIQQDPVYVRLGIFRRLANSSEVEWLMLRRINRELRPPDIPPISLKLPGKWTLLYERYKEAAIRTLWEETGITVDASNVYPTGHLYQTVPQYYWRVPVRYFVAEVPSDIRVEGPQVVPLQYMRNWDARLLRQSPDPIDRAWAQLADPATGCAWMKASMIDQLQKPLRGDNYMAIRYTPPPYSNLQEVVGLG,K:GGGG,train,val,train,train,train
5UDZ,"A,B","V,W",9.2e-08,Default=298,Default=7,-9.594,"A:DEPQLLHGAGICKWFNVRMGFGFLSMTARAGVALDPPVDVFVHQSKLHMEGFRSLKEGEAVEFTFKKSAKGLESIRVTGPGGVFCIGSERRPKGGDRCYNCGGLDHHAKECKLPPQPKKCHFCQSISHMVASCPLKAQQ,B:DEPQLLHGAGICKWFNVRMGFGFLSMTARAGVALDPPVDVFVHQSKLHMEGFRSLKEGEAVEFTFKKSAKGLESIRVTGPGGVFCIGSERRPKGGDRCYNCGGLDHHAKECKLPPQPKKCHFCQSISHMVASCPLKAQQ","V:GGGGUAGUGAUUUUACCCUGGAGA,W:GGGGUAGUGAUUUUACCCUGGAG",train,val,train,train,train
3K5Q,A,B,4.58e-08,Default=298,Default=7,-10.007,A:LPTWSLDSNGEMRSRLSLSEVLDSGDLMKFAVDKTGCQFLEKAVKGSLTSYQKFQLFEQVIGRKDDFLKLSTNIFGNYLVQSVIGISLATNDDGYTKRQEKLKNFISSQMTDMCLDKFACRVIQSSLQNMDLSLACKLVQALPRDARLIAICVDQNANHVIQKVVAVIPLKNWEFIVDFVATPEHLRQICSDKYGCRVVQTIIEKLTADSMNVDLTSAAQNLRERALQRLMTSVTNRCQELATNEYANYIIQHIVSNDDLAVYRECIIEKCLMRNLLSLSQEKFASHVVEKAFLHAPLELLAEMMDEIFDGYIPHPDTGKDALDIMMFHQFGNYVVQCMLTICCDAVSGRRQTKEGGYDHAISFQDWLKKLHSRVTKERHRLSRFSSGKKMIETLANLRS,B:UGUACUAUA,train,val,train,train,train
2KFY,A,B,4.2e-07,303,7.0,-8.84,A:MMLGPEGGEGFVVKLRGLPWSCSVEDVQNFLSDCTIHDGAAGVHFIYTREGRQSGEAFVELGSEDDVKMALKKDRESMGHRYIEVFKSHRTEMDWVLKHSGP,B:AGGGAU,train,val,train,train,train
1L1C,"A,B",C,1.1e-08,298,8.0,-10.85,"A:MKIAKVINNNVISVVNEQGKELVVMGRGLAFQKKSGDDVDEARIEKVFTLDNKDV,B:MKIAKVINNNVISVVNEQGKELVVMGRGLAFQKKSGDDVDEARIEKVFTLDNKDV",C:GGAUUGUUACUGCUACGGCAGGCAAAACC,train,val,train,train,train
3K62,A,B,1.27e-07,277,7.4,-8.74,A:LPTWSLDSNGEMRSRLSLSEVLDSGDLMKFAVDKTGCQFLEKAVKGSLTSYQKFQLFEQVIGRKDDFLKLSTNIFGNYLVQSVIGISLATNDDGYTKRQEKLKNFISSQMTDMCLDKFACRVIQSSLQNMDLSLACKLVQALPRDARLIAICVDQNANHVIQKVVAVIPLKNWEFIVDFVATPEHLRQICSDKYGCRVVQTIIEKLTADSMNVDLTSAAQNLRERALQRLMTSVTNRCQELATNEYANYIIQHIVSNDDLAVYRECIIEKCLMRNLLSLSQEKFASHVVEKAFLHAPLELLAEMMDEIFDGYIPHPDTGKDALDIMMFHQFGNYVVQCMLTICCDAVSGRRQTKEGGYDHAISFQDWLKKLHSRVTKERHRLSRFSSGKKMIETLANLRS,B:UGUGUUAUC,train,val,train,train,train
2MTV,A,B,1.03e-07,Default=298,Default=7,-9.527,A:QTSKLKSVLQDARFFLIKSNNHENVSLAKAKGVWSTLPVNEKKLNLAFRSARSVILIFSVRESGKFQGFARLSSESHHGGSPIHWVLPAGMSAKMLGGVFKIDWICRRELPFTKSAHLTNPWNEHKPVKIGRDGQEIELECGTQLCLLFPPDESID,B:UGCAC,train,val,train,train,train
2X1A,A,B,5.88e-06,298,8.0,-7.13,A:GPSRVVYLGSIPYDQTEEQILDLCSNVGPVINLKMMFDPQTGRSKGYAFIEFRDLESSASAVRNLNGYQLGSRFLKCGYSSNSDISG,B:UG,train,val,train,train,train
3D2S,A,E,4e-08,277,7.2,-9.38,A:TDRLEVCREYQRGNCNRGENDCRFAHPADSTMIDTNDNTVTVCMDYIKGRCSREKCKYFHPPAHLQA,E:CGCUGU,train,val,train,train,train
2JPP,"A,B","C,D",8.5e-08,298,8.0,-9.64,"A:MLILTRKVGESINIGDDITITILGVSGQQVRIGINAPKDVAVHREEIYQRIQA,B:MLILTRKVGESINIGDDITITILGVSGQQVRIGINAPKDVAVHREEIYQRIQA","C:GGGCUUCACGGAUGAAGCCC,D:GGGCUUCACGGAUGAAGCCC",train,val,train,train,train
6DCC,A,B,3.5e-08,Default=298,Default=7,-10.166,A:KFQYGNYCKYYGYRNPSCEDGRLRVLKPEWFRGRDVLDLGCNVGHLTLSIACKWGPSRMVGLDIDSRLIHSARQNIRHYLSVFPNNVVFVTGNYVLDRDDLVEAQTPEYDVVLCLSLTKWVHLNWGDEGLKRMFRRIYRHLRPGGILVLEPQPWSSYGKRKTLTETIYKNYYRIQLKPEQFSSYLTSPDVGFSSYELVATPHNTSKGFQRPVYLFHKARSP,B:GAUGUGAGGCUUCGGCCUCACCGCUCCAUGUGCGA,train,train,val,train,train
2GJE,"A,D",R,7.000000000000001e-09,Default=298,Default=7,-11.119,"A:RARRAQLPPAFDVVHWNDEDISRGHLLRVLHRDTFVVLDYHRQARLTEEGNKAERVVSVLPAVYTARFLAVLEGRSEKVEVHSRYTNATFTPNPAAPYTFTLKCTSTRPDETFEWTVEFDVAESLLQRFLTQALHYNTGFAR,D:QSLPKFEIHDVRDDPAEGTTRVAVDGKLLLISQYPQLGPRKVDPNDLSPQFDADRRISVRLRHVDLAYLVGVCKERVPRHRETKAYTLDFEKSAQGYHLHGKVHRVASQREDWSVKFDNHFAVTLEHFLESALDESFGFRQHYA",R:UAAAUAACCUGUA,train,train,val,train,train
1NYB,A,B,2e-07,298,7.5,-9.13,A:ESKGTAKSRYKARRAELIAERR,B:GGUUCACCUCUAACCGGGUGAGCC,train,train,val,train,train
5WZG,A,B,3.2e-08,Default=298,Default=7,-10.219,A:IDPETSKYFSEIANLFDSNEVELEERSVICGNALEETRGREYEIATDYIISHVLQTLLEGCELDQLCSFIRNSASVFPAIAMDRSGSHVAESALKSLATHLENPDAYSVIEEALHSICKVIVDNPLDMMCNCYGSHVLRRLLCLCKGVSLDSPELYGAKSSKALAKRLNLPHQGFPGMLTYLLSGLLSCSREDMKYLQVDQYSSLVLQTALRLMLKQDEQLLEIIPLILRCNGFHIETNVAKEILESMKDNSFSHLVEVILEVAPESLYNEMFNKVFKNSLFELSVDRCANFVIQALISHARDQEQMGIMWEELAPRFKDLLEQGKSGVVASLIAVSQRLQSHENKCCEALVGAVCSTNESRISILPRLLFLDYYFGCRDKSTWEWAPGAKMHVMGCLILQGIFKFSSDHIQPYITSLTSMKAEYITETAKDSSGARVIEAFLASDAATKQKRRLIIKLRGHFGELSLHTSGSFTVEKCFDACNLTLREAIASELLDVKVDLSKTKQGPYLLRKLDIDGYASRPDQWKSRQEAK,B:GAAUUGACGG,train,train,val,train,train
1RLG,A,C,5e-09,277,7.0,-10.52,A:VPEDMQNEALSLLEKVRESGKVKKGTNETTKAVERGLAKLVYIAEDVDPPEIVAHLPLLCEEKNVPYIYVKSKNDLGRAVGIEVPCASAAIINEGELRKELGSLVEKIKGLQK,C:GCCGACCGAAAGGCGUGAGAGC,train,train,val,train,train
6NY5,"A,B",C,5.010000000000001e-08,Default=298,Default=7,-9.954,"A:SEFELRRQACGRSQLLKSRVDILEVARQFEMRINLDIVDSMIASAIENNKVATEILPPVETLRSRQFEASKLREIRKNIDSGFYTQEEIEVIARSMLDDVAELSSDYLGNTVVQKFFEYCSDPIKEAMLERIAPYLAAIGIHKNGTWAAQKIIDVASTEKQMDLIVKHLRPYTALLYFDQFGNYVAQCCLRFKYPKNTFLFEVMARHCCEIGQSRFGARAIRACLENENATFEQQALVVASIIINSHLLATNSNGMLLLTWLLDNSFFRNRHRLLAIHLATHLHTTCTHKLASTLIFKLINNKQEPESRNLLLKNLFFSEKDNVLTYILQDQAVGPSFIHKVITYPSIGREFLAQFHLVIKRVLINIHAQPNAVYCRLMEEVGMTS,B:SEFELRRQACGRSQLLKSRVDILEVARQFEMRINLDIVDSMIASAIENNKVATEILPFEASKLREIRKNIDSGFYTQEEIEVIARSMLDDVAELSSDYLGNTVVQKFFEYCSDPIKEAMLERIAPYLAAIGIHKNGTWAAQKIIDVASTEKQMDLIVKHLRPYTALLYFDQFGNYVAQCCLRFKYPKNTFLFEVMARHCCEIGQSRFGARAIRACLENENATFEQQALVVASIIINSHLLATNSNGMLLLTWLLDNSFFRNRHRLLAIHLATHLHTTCTHKLASTLIFKLINNKQEPESRNLLLKNLFFSEKDNVLTYILQDQAVGPSFIHKVITYGREFLAQFHLVIKRVLINIHAQPNAVYCRLMEEV",C:UUAAUAACUUAAU,train,train,val,train,train
3PF5,B,R,3.36e-07,288,7.0,-8.53,B:MLEGKVKWFNSEKGFGFIEVEGQDDVFVHFSAIQGEGFKTLEEGQAVSFEIVEGNRGPQAANVTKEA,R:UUUUU,train,train,val,train,train
6DCB,A,B,1.0000000000000001e-07,Default=298,Default=7,-9.544,A:RKFQYGNYCKYYGYRNPSCEDGRLRVLKPEWFRGRDVLDLGCNVGHLTLSIACKWGPSRMVGLDIDSRLIHSARQNIRHYLSTSVFPNNVVFVTGNYVLDRDDLVEAQTPEYDVVLCLSLTKWVHLNWGDEGLKRMFRRIYRHLRPGGILVLEPQPWSSYGKRKTLTETIYKNYYRIQLKPEQFSSYLTSPDVGFSSYELVATPHNTSKGFQRPVYLFHKARSPS,B:GAUGUGAGGCUUCGGCCUCACCGCUCCAUGUGCGA,train,train,val,train,train
3BX3,A,C,5.7200000000000016e-08,Default=298,Default=7,-9.875,A:DQYIGSIHSLCKDQHGCRFLQKQLDILGSKAADAIFEETKDYTVELMTDSFGNYLIQKLLEEVTTEQRIVLTKISSPHFVEISLNPHGCRALQKLIECIKTDEEAQIVVDSLRPYTVQLSKDLNGNHVIQKCLQRLKPENFQFIFDAISDSCIDIATHRHGCRVLQRCLDHGTTEQCDNLCDKLLALVDKLTLDPFGNYVVQYIITKEAEKNKYDYTHKIVHLLKPRAIELSIHKFGSNVIEKILKTAIVSEPMILEILNNGGETGIQSLLNDSYGNYVLQTALDISHKQNDYLYKRLSEIVAPLLVGPIRNTPHGKRIIGMLHL,C:UGUAUAUA,train,train,val,train,train
6DCL,"A,B","C,D",1.55e-08,Default=298,Default=7,-10.648,"A:PKEPEQLRKLFIGGLSFETTDESLRSHFEQWGTLTDCVVMRDPNTKRSRGFGFVTYATVEEVDAAMNARPHKVDGRVVEPKRAVSREDSQRPGAHLTVKKIFVGGIKEDTEEHHLRDYFEQYGKIEVIEIMTDRGSGKKRGFAFVTFDDHDSVDKIVIQKYHTVNGHNCEVRKALSKQEMAS,B:KEPEQLRKLFIGGLSFETTDESLRSHFEQWGTLTDCVVMRDPNTKRSRGFGFVTYATVEEVDAAMNARPHKVDGRVVEPKRAVSREDSQRPGAHLTVKKIFVGGIKEDTEEHHLRDYFEQYGKIEVIEIMTDKRGFAFVTFDDHDSVDKIVIQKYHTVNGHNCEVRKALSK","C:AGUAGAUUAGC,D:AGUAGAUUAGC",train,train,val,train,train
1T0K,B,"C,D",3e-08,298.0,8.0,-10.26,B:SINQKLALVIKSGKYTLGYKSTVKSLRQGKSKLIIIAANTPVLRKSELEYYAMLSKTKVYYFQGGNNELGTAVGKLFRVGVVSILEAGDSDILTTLA,"C:GACCGGAGUGUC,D:GACGCAGAGAUGGUC",train,train,val,train,train
5HO4,A,B,1.1470000000000001e-07,Default=298,Default=7,-9.463,A:REKEQFRKLFIGGLSFETTEESLRNYYEQWGKLTDCVVMRDPASKRSRGFGFVTFSSMAEVDAAMAARPHSIDGRVVEPKRAVAREESGKPGAHVTVKKLFVGGIKEDTEEHHLRDYFEEYGKIDTIEIITDRQSGKKRGFGFVTFDDHDPVDKIVLQKYHTINGHNAEVRKALSRQEM,B:AAGGACUAGC,train,train,val,train,train
5WZH,A,B,2.1e-08,298,7.5,-10.469,A:IDPETSKYFSEIANLFDSNEVELEERSVICGNALEETRGREYEIATDYIISHVLQTLLEGCELDQLCSFIRNSASVFPAIAMDRSGSHVAESALKSLATHLENPDAYSVIEEALHSICKVIVDNPLDMMCNCYGSHVLRRLLCLCKGVSLDSPELYGAKSSKALAKRLNLHQGFPGMLTYLLSGLLSCSREDMKYLQVDQYSSLVLQTALRLMLKQDEQLLEIIPLILRCNGFHIETNVAKEILESMKDNSFSHLVEVILEVAPESLYNEMFNKVFKNSLFELSVDRCANFVIQALISHARDQEQMGIMWEELAPRFKDLLEQGKSGVVASLIAVSQRLQSHENKCCEALVGAVCSTNESRISILPRLLFLDYYFGCRDKSTWEWAPGAKMHVMGCLILQGIFKFSSDHIQPYITSLTSMKAEYITETAKDSSGARVIEAFLASDAATKQKRRLIIKLRGHFGELSLHTSGSFTVEKCFDACNLTLREAIASELLDVKVDLSKTKQGPYLLRKLDIDGYASRPDQWKSRQEAK,B:GGAAUUGACGG,train,train,val,train,train
4MDX,"A,B",C,6.4e-08,293,8.0,-9.64,"A:SMIVKRGDVYFADLSPVVGSEQGGVRPVLVIQNDIGNRFSPTAIVAAITAQIQKAKLPTHVEIDAKRYGFERDSVILLEQIRTIDKQRLTDKITHLDDEMMDKVDEALQISLALI,B:SMIVKRGDVYFADLSPVVGSEQGGVRPVLVIQNDIGNRFSPTAIVAAITAQIQKAKLPTHVEIDAKRYGFERDSVILLEQIRTIDKQRLTDKITHLDDEMMDKVDEALQISLALI",C:UU_ACAUAA,train,train,val,train,train
1YVP,A,"C,D,G",5.2e-09,Default=298,Default=7,-11.295,A:MDQTQPLNEKQVPNSEGCYVWQVSDMNRLRRFLCFGSEGGTYYIEEKKLGQENAEALLRLIEDGKGCEVVQEIKTFSQEGRAAKQEPTLFALAVCSQCSDIKTKQAAFRAVPEVCRIPTHLFTFIQFKKDLKEGMKCGMWGRALRKAVSDWYNTKDALNLAMAVTKYKQRNGWSHKDLLRLSHIKPANEGLTMVAKYVSKGWKEVQEAYKEKELSPETEKVLKYLEATERVKRTKDELEIIHLIDEYRLVREHLLTIHLKSKEIWKSLLQDMPLTALLRNLGKMTADSVLAPASSEVSSVCERLTNEKLLKKARIHPFHILVALETYKKGHGLRWIPDTSIVEALDNAFYKSFKLVEPTGKRFLLAIDVSASMNQRVLGSILNASVVAAAMCMLVARTEKDSHMVAFSDEMLPCPITVNMLLHEVVEKMSDITMGSTDCALPMLWAQKTNTAADIFIVFTDCETNVEDVHPATALKQYREKMGIPAKLIVCAMTSNGFSIADPDDRGMLDICGFDSGALDVIRNFTLDL,"C:GCGGUCCGA,D:GACAGCC,G:UCCGA",train,train,val,train,train
2Y8W,A,B,3.6e-09,295,7.5,-11.4,A:GTGAMWLTKLVLNPASRAARRDLANPYEMHRTLSKAVSRALEEGRERLLWRLEPARGLEPPVVLVQTLTEPDWSVLDEGYAQVFPPKPFHPALKPGQRLRFRLRANPAKRLAATGKRVALKTPAEKVAWLERRLEEGGFRLLEGERGPWVQILQDTFLEVRRKKDGEEAGKLLQVQAVLFEGRLEVVDPERALATLRRGVGPGKALGLGLLSVAP,B:UCCCCACGCGUGUGGG_AUG,train,train,val,train,train
5JBJ,A,"X,Y",1.0365222222222224e-06,298.0,7.5,-9.581,A:SELHGYQLEAVAPALRGRNSIVWLPTGAGKTRAAVHVCRRHLEGRRGGRVAVLVNKVHLVQQHLEKEFHVLRDAFKVTAVSGDSSHKCFFGQLAKGSDVVICTAQILQNALLSGEEEARVELTDFSLLVIDECHHTQKEAVYNKIMLSYLQKKLSGQRDLPQILGLTASPGTGGETSFEGAVEHILQICANLDTEVIASAREQDPFGQRLKKIMAQIQEHMEMPELPQNFGTQVYEQRIVELENRAAERFCRKTRVCALHLRRYNDALLINDTVRMMDAFQCLQQFYADKDPTERFLATTFEENRATLQALAGDQRYNPRLSKLEEILQEHFQPPGSSRGIVFTKTRQSAHSLLSWLQDTAGLCGQHIRAAVLTGSGHSNQAKGMTQNEQQDVITLFRYGELNLLFSTSVAEEGLDIPECNIVVRYGLMTNEIAMVQAQGRARAQNSMYSVLAKANLMERAIRAVQAMPERKYRLKIVELQRNAVLSWQVKEARSSERRQLHDPDDVYFHCVNCNVAVCRGSDIRTVEAMHHVNINPNFRFYYTVSSGKIHFERTFRDWEPGCRIVCSECRQEWGMEMIYRNVTLPILSIKNFVVVTPDEKKKYKKWSTVTFPIEEFSYLEYCSSTQ,"X:GGUAGCGCUACC,Y:GGUAGCGCUACC",train,train,val,train,train
2KG1,A,B,4.2e-07,303,7.0,-8.84,A:GDSEFTVQSTTGHCVHMRGLPYKATENDIYNFFSPLNPVRVHIEIGPDGRVTGEADVEFATHEEAVAAMSKDRANMQHRYIELFLNSTTGASNGAYSSQVMQGMG,B:AGGGAU,train,train,val,train,train
4QG3,A,B,1.87e-08,Default=298,Default=7,-10.537,A:PKHGKRYRALLEKVDPNKIYTIDEAAHLVKELATAKFDETVEVHAKLGIDPRRSDQNVRGTVSLPHGLGKQVRVLAIAKGEKIKEAEEAGADYVGGEEIIQKILDGWMDFDAVVATPDVMGAVGSKLGRILGPRGLLPNPKAGTVGFNIGEIIREIKAGRIEFRNDKTGAIHAPVGKASFPPEKLADNIRAFIRALEAHKPEGAKGTFLRSVYVTTTMVPSVRINPHS,B:GGGAUGCGUAGGAUAGGUGGGAGCCUGUGAACCCCCGCCUCCGGGUGGGGGGGAGGCGCCGGUGAAAUACCACCCUUCCC,train,train,val,train,train
3BX2,A,C,1.36e-08,277,7.5,-9.97,A:VLDQYIGSIHSLCKDQHGCRFLQKQLDILGSKAADAIFEETKDYTVELMTDSFGNYLIQKLLEEVTTEQRIVLTKISSPHFVEISLNPHGTRALQKLIECIKTDEEAQIVVDSLRPYTVQLSKDLNGNHVIQKCLQRLKPENFQFIFDAISDSCIDIATHRHGCCVLQRCLDHGTTEQCDNLCDKLLALVDKLTLDPFGNYVVQYIITKEAEKNKYDYTHKIVHLLKPRAIELSIHKFGSNVIEKILKTAIVSEPMILEILNNGGETGIQSLLNDSYGNYVLQTALDISHKQNDYLYKRLSEIVAPLLVGPIRNTPHGKRIIGMLHLD,C:UGUAUAUUA,train,train,val,train,train
6NOD,A,D,2.8800000000000003e-08,Default=298,Default=7,-10.282,A:DDLLTRYRANPAMMKNLKLSDIRGALLKFAKDQVGSRFIQQELASSKDRFEKDSIFDEVVSNADELVDDIFGNYVVQKFFEYGEERHWARLVDAIIDRVPEYAFQMYACRVLQKALEKINEPLQIKILSQIRHVIHRCMKDQNGNHVVQKAIEKVSPQYVQFIVDTLLESSNTIYEMSVDPYGCRVVQRCLEHCSPSQTKPVIGQIHKRFDEIANNQYGNYVVQHVIEHGSEEDRMVIVTRVSNNLFEFATHKYSSNVIEKCLEQGAVYHKSMIVGAACHHQEGSVPIVVQMMKDQYANYVVQKMFDQVTSEQRRELILTVRPHIPVLRQFPHGKHILAKLEKY,D:UGUAUAUA,train,train,val,train,train
3FHT,A,C,2.8e-08,293,7.5,-10.13,A:NQVEVLQRDPNSPLYSVKSFEELRLKPQLLQGVYAMGFNRPSKIQENALPLMLAEPPQNLIAQSQSGTGKTAAFVLAMLSQVEPANKYPQCLCLSPTYELALQTGKVIEQMGKFYPELKLAYAVRGNKLERGQKISEQIVIGTPGTVLDWCSKLKFIDPKKIKVFVLDEADVMIATQGHQDQSIRIQRMLPRNCQMLLFSATFEDSVWKFAQKVVPDPNVIKLKREEETLDTIKQYYVLCSSRDEKFQALCNLYGAITIAQAMIFCHTRKTASWLAAELSKEGHQVALLSGEMMVEQRAAVIERFREGKEKVLVTTNVCARGIDVEQVSVVINFDLPVDKDGNPDNETYLHRIGRTGRFGKRGLAVNMVDSKHSMNILNRIQEHFNKKIERL,C:UUUUUU,train,train,val,train,train
3PF4,B,R,1.59e-07,Default=298,Default=7,-9.27,B:MLEGKVKWFNSEKGFGFIEVEGQDDVFVHFSAIQGEGFKTLEEGQAVSFEIVEGNRGPQAANVTKE,R:UCUUU,train,train,val,train,train
4BS2,A,B,2.26e-08,298,6.8,-10.43,A:GSHMASKTSDLIVLGLPWKTTEQDLKEYFSTFGEVLMVQVKKDLKTGHSKGFGFVRFTEYETQVKVMSQRHMIDGRWCDCKLPNSKQSQDEPLRSRKVFVGRCTEDMTEDELREFFSQYGDVMDVFIPKPFRAFAFVTFADDQIAQSLCGEDLIIKGISVHISNAEPKHNSNRQ,B:GUGUGAAUGAAU,train,train,val,train,train
2N82,B,A,2.15e-08,Default=298,Default=7,-10.455,B:GSHMNTENKSQPKRLHVSNIPFRFRDPDLRQMFGQFGKILDVEIIFNERGSKGFGFVTFENSADADRAREKLHGTVVEGRKIEVNNATARVMTNKKTVNPYTNG,A:GGUAGUUUUGGCAUGACUCUACC,train,train,val,train,train
4ED5,A,D,1.69e-07,293,8.0,-9.08,A:GRTNLIVNYLPQNMTQDELRSLFSSIGEVESAKLIRDKVAGHSLGYGFVNYVTAKDAERAINTLNGLRLQSKTIKVSYARPSSEVIKDANLYISGLPRTMTQKDVEDMFSRFGRIINSRVLVDQTTGLSRGVAFIRFDKRSEAEEAITSFNGHKPPGSSEPITVKFAA,D:UUUUUAUUUU,train,train,val,train,train
5WZJ,A,B,1.3e-08,Default=298,Default=7,-10.753,A:IDPETSKYFSEIANLFDSNEVELEERSVICGNALEETRGREYEIATDYIISHVLQTLLEGCELDQLCSFIRNSASVFPAIAMDRSGSHVAESALKSLATHLENPDAYSVIEEALHSICKVIVDNPLDMMCNCYGSHVLRRLLCLCKGVSLDSPELYGAKSSKALAKRLNLPHQGFPGMLTYLLSGLLSCSREDMKYLQVDQYSSLVLQTALRLMLKQDEQLLEIIPLILRCNGFHIETNVAKEILESMKDNSFSHLVEVILEVAPESLYNEMFNKVFKNSLFELSVDRCANFVIQALISHARDQEQMGIMWEELAPRFKDLLEQGKSGVVASLIAVSQRLQSHENKCCEALVGAVCSTNESRISILPRLLFLDYYFGCRDKSTWEWAPGAKMHVMGCLILQGIFKFSSDHIQPYITSLTSMKAEYITETAKDSSGARVIEAFLASDAATKQKRRLIIKLRGHFGELSLHTSGSFTVEKCFDACNLTLREAIASELLDVKVDLSKTKQGPYLLRKLDIDGYASRPDQWKSRQEAK,B:GGAUUUGACGG,train,train,val,train,train
5WZK,A,B,1.6e-07,Default=298,Default=7,-9.266,A:IDPETSKYFSEIANLFDSNEVELEERSVICGNALEETRGREYEIATDYIISHVLQTLLEGCELDQLCSFIRNSASVFPAIAMDRSGSHVAESALKSLATHLENPDAYSVIEEALHSICKVIVDNPLDMMCNCYGSHVLRRLLCLCKGVPHQGFPGMLTYLLSGLLSCSREDMKYLQVDQYSSLVLQTALRLMLKQDEQLLEIIPLILRCNGFHIETNVAKEILESMKDNSFSHLVEVILEVAPESLYNEMFNKVFKNSLFELSVDRCANFVIQALISHARDQEQMGIMWEELAPRFKDLLEQGKSGVVASLIAVSQRLQSHENKCCEALVGAVCSTNESRISILPRLLFLDYYFGCRDKSTWEWAPGAKMHVMGCLILQGIFKFSSDHIQPYITSLTSMKAEYITETAKDSSGARVIEAFLASDAATKQKRRLIIKLRGHFGELSLHTSGSFTVEKCFDACNLTLREAIASELLDVKVDLSKTKQGPYLLRKLDIDGYASRPDQWKSRQEAKQ,B:GGAAUUGACGG,train,train,val,train,train
4YHW,A,E,1.1e-07,Default=298,Default=7,-9.488,A:TVYHCKVFQFKNLQNPKIRFKLKNSKELSLKGLCLRIRDDGPGIIIVVGNEKSCKFYENLVKRIKWNEDFELHTNTGDIKDHNNSISKTWEGYLQDCKFKGWFKVCNDQDSLLRTLGQFDSEHFYSPV,E:UUCCCCUGCAUAAGGAUGAACCGUUUU,train,train,val,train,train
1ZHO,A,B,1.65e-08,288,7.5,-10.26,A:PKHGKRYRALLEKVDPNKIYTIDEAAHLVKELATAKFDETVEVHAKLGIDPRRSDQNVRGTVSLPHGLGKQVRVLAIAKGEKIKEAEEAGADYVGGEEIIQKILDGWDFDAVVATPDVGAVGSKLGRILGPRGLLPNPKAGTVGFNIGEIIREIKAGRIEFRNDKTGAIHAPVGKASFPPEKLADNIRAFIRALEAHKPEGAKGTFLRSVYVTTTGPSVRINPHS,B:GGGAGUGAAGGAGGCUUCGGCCGCGAAACUUCACUCCC,train,train,val,train,train
2HGH,A,B,8e-09,298,6.5,-11.04,A:MYVCHFENCGKAFKKHNQLKVHQFSHTQQLPYECPHEGCDKRFSLPSRLKRHEKVHAGYPCKKDDSCSFVGKTWTLYLKHVAECHQD,B:GGGCCAUACCUCUUGGGCCUGGUUAGUACCUCUUCGGUGGGAAUACCAGGUGCCC,train,train,train,train,val
2KXN,B,A,2.25e-06,313,5.5,-8.09,B:RHVGNRANPDPNCCLGVFGLSLYTTERDLREVFSKYGPIADVSIVYDQQSRRSRGFAFVYFENVDDAKEAKERANGMELDGRRIRVDFSITKRPH,A:AAGAAC,train,train,train,train,val
4KJI,A,C,2.760000000000001e-07,Default=298,Default=7,-8.943,A:FLILSRREGEGITLSLKADYPAEELIRQLREGGIRILVTDIIGNQARVGIEAPRGVLIVRDELK,C:CCCCGAAGGAUCGGGG,train,train,train,train,val
4B3G,A,G,1.07e-07,298,7.4,-9.5,A:AAVESFVTKQLDLLELERDAEVEERRSWLKELQSRGVCLLKLQVSSQRTGLYGRLLVTFEPRRYGSAAALPSNSFTSGDIVGLYDGSQLATGILTRVTQKSVTVAFDEQQSLDRENSYRLLKLANDVTYRRLKKALIALKKYHSGPASSLIEVLFGRSAPSPASEIHPLTFFNTCLDTSQKEAVLFALSQKELAIIHGPPGTGKTTTVVEIILQAVKQGLKVLCCAPSNIAVDNLVERLALCKQRILRLGHPARLLESIQQHSLDAVLARSDSAQIVADIRKDIDQVFVKNNEIKLLRKELKEREEAAMLESLTSANVVLATNTGASADGPLKLLPESYFDVVVIDECAQALEASCWIPLLKARKCILAGDHKQLPPTTVSHKAALAGLSLSLMERLAEEYGARVVRTLTVQYRMHQAIMRWASDTMYLGQLTAHSSVARHLLRDLPGVAATEETGVPLLLVDTAGCGLFELQSKGNPGEVRLVSLHIQALVDAGVPARDIAVVSPYNLQVDLLRQSLVHRHPELEIKSVDGFQGREKEAVILSFVRSNRKGEVGFLAEDRRINVAVTRARRHVAVICDSRTVNNHAFLKTLVEYFTQHGEVRTAFEYLDDIVP,G:AAAAAAAAA,train,train,train,train,val
3AM1,A,B,3.900000000000001e-08,Default=298,Default=7,-10.102,A:DIMLIILTGLPGVGKSTFSKNLAKILSKNNIDVIVLGSDLIRESFPVWKEKYEEFIKKSTYRLIDSALKNYWVIVDDTNYYNSMRRDLINIAKKYNKNYAIIYLKASLDVLIRRNIERGEKIPNEVIKKMYEKFDEPGKKYKWDEPFLIIDTTKDIDFNEIAKKLIEKSKEIPKFNISDKIDKETRKIVSEYIKSKKLDKDKIKEVVELRKEFLKKIKKVDADRVLKEFKDLLNSY,B:GGCGCGGGGUACCGGGCUUGGUAGCCCGGGGCUUCGGCCGAGGGCGAGAGCCCUCGGGGUUCGAUUCCCCCCCUGCGCCGC,train,train,train,train,val
5YTV,A,B,1.26e-06,Default=298,Default=7,-8.044,A:KKVIATKVLGTVKWFNVRNGYGFINRNDTKEDVFVHQTAIKKNKYLRSVGDGETVEFDVVEGEKGAEAANVTGPG,B:CAUC,train,train,train,train,val
5YTS,A,B,2.77e-06,Default=298,Default=7,-7.578,A:KKVIATKVLGTVKWFNVRNGYGFINRNDTKEDVFVHQTAIKKKYLRSVGDGETVEFDVVEGEKGAEAANVTGPG,B:CUUC,train,train,train,train,val
2ZI0,"A,B","C,D",7.5e-08,298,7.4,-9.72,"A:EIPLHEIIRKLERNQKKQAQRKRHKLNRKERGHKSPSEQRRSELWHARQVELSAINSDN,B:IEIPLHEIIRKLERNQKKQAQRKRHKLNRKERGHKSPSEQRRSELWHARQVELS","C:AGACAGCAUUAUGCUGUCUU,D:AGACAGCAUUAUGCUGUCUU",train,train,train,train,val
3EQT,"A,B","C,D",1.05e-07,298,7.5,-9.52,"A:QFPVEHVQLLCINCMVAVGHGSDLRKVEGTHHVNVNPNFSNYYNVSRDPVVINKVFKDWKPGGVISCRNCGEVWGLQMIYKSVKLPVLKVRSMLLETPQGRIQAKKWSRVPFSVPDFDFLQHCAENL,B:RQQFPVEHVQLLCINCMVAVGHGSDLRKVEGTHHVNVNPNFSNYYNVSRDPVVINKVFKDWKPGGVISCRNCGEVWGLQMIYKSVKLPVLKVRSMLLETPQGRIQAKKWSRVPFSVPDFDFLQHCAENLSDLSLDLEHHHHH","C:GCGCGCGC,D:GCGCGCGC",train,train,train,train,val
5H1L,A,B,1e-06,298.0,7.5,-8.18,A:EPRTLPPSPNWYCARCSDAVPGGLFGFAARTSVFLVRVGPGAGESPGTPPFRVIGELVGHTERVSGFTFSHHPGQYNLCATSSDDGTVKIWDVETKTVVTEHALHQHTISTLHWSPRVKDLIVSGDEKGVVFCYWFNRNDSQHLFIEPRTIFCLTCSPHHEDLVAIGYKDGIVVIIDISKKGEVIHRLRGHDDEIHSIAWCPLPGEGCYLATGSKDQTIRIWSCSRGRGVMILKLPFLKRRGGGIDPTVKERLWLTLHWPSNQPTQLVSSCFGGELLQWDLTQSWRRKYTLFSASSEGQNHSRIVFNLCPLQTEDDKQLLLSTSMDRDVKCWDIATLECSWTLPSLGGFAYSLAFSSVDIGSLAIGVGDGMIRVWNTLSIKNNYDVKNFWQGVKSKVTALCWHPTKEGCLAFGTDDGKVGLYDTYSNKPPQISSTYHKKTVYTLAWGPPVPPMSSLALYSCGGEGIVLQHNPWKLSGEAFDINKLIRDTNSIKYKLPVHTEISWKADGKIMALGNEDGSIEIFQIPNLKLICTIQQHHKLVNTISWHHEHGSQPELSYLMASGSNNAVIYVHNLKTVIESSPESPVTITEPYRTLSGHTAKITSVAWSPHHDGRLVSASYDGTAQVWDALREEPLCNFRGHRGRLLCVAWSPLDPDCIYSGADDFCVHKWLTSMQDHSRPPQ,B:AUUUUUG,train,train,train,train,val
4NGB,A,B,1.95e-08,293,7.4,-10.34,A:QPCYLYVIGMVLTTPLPDELNFRRRKLYPPEDTTRCFGILTAKPIPQIPHFPVYTRSGEVTISIELAASGFMLSLQMLELITRLHQYIFSHILRLEKPALAYCVLPLNVVSSTLDIDFKFMEDIEKSEARIGIPSTKYTKETPFVFKLEDYQDAVIIPRYRNFDQPHRFYVADVYTDLTPLSKFPSPEYETFAEYYKTKYNLDLTNLNQPLLDVDHTSSRLNLLTPLSSAEKRKAKWESLQNKQILVPELCAIHPIPASLWRKAVCLPSILYRLHC,B:GCGAAUUCGCUU,train,train,train,train,val
2IX1,A,B,6.48e-09,277.0,8.0,-10.38,A:MLEADPLLAQLKQQLHSQTPRAEGVVKATEKGFGFLEVDAQKSYFIPPPQMKKVMHGDRIIAVIHSEKERESAEPEELVEPFLTRFVGKVQGKNDRLAIVPDHPLLKDAIPCRAARGLNHEFKEGDWAVAEMRRHPLKGDRSFYAELTQYITFGDDHFVPWWVTLARHNLEKEAPDGVATEMLDEGLVREDLTALDFVTIDSASTEDMNDALFAKALPDDKLQLIVAIADPTAWIAEGSKLDKAAKIRAFTNYLPGFNIPMLPRELSDDLCSLRANEVRPVLACRMTLSADGTIEDNIEFFAATIESKAKLVYDQVSDWLENTGDWQPESEAIAEQVRLLAQICQRRGEWRHNHALVFKDRPDYRFILGEKGEVLDIVAEPRRIANRIVEEAMIAANICAARVLRDKLGFGIYNVHMGFDPANADALAALLKTHGLHVDAEEVLTLDGFCKLRRELDAQPTGFLDSRIRRFQSFAEISTEPGPHFGLGLEAYATWTSPIRKYGDMINHRLLKAVIKGETATRPQDEITVQMAERRRLNRMAERDVGDWLYARFLKDKAGTDTRFAAEIVDISRGGMRVRLVDNGAIAFIPAPFLHAVRDELVCSQENGTVQIKGETVYKVTDVIDVTIAEVRMETRSIIARPV,B:AAAAAAAAAAAAA,train,train,train,train,val
6KWR,A,"B,C",1.8e-07,298.0,7.5,-9.2,A:GEIQWVKPNKETGRLNINGPTRTKLEPSVFHDIFEGNKEPAVLHSKDPRLEVDFEQALFSKYVGNTLHEPDEYIKEAALHYANQLKQLEINTSQMSMEEACYGTENLEAIDLHTSAGYPYSALGIKKRDILDPTTRDVSKMKFYMDKYGLDLPYSTYVKDELRSIDKIKKGKSRLIEASSLNDSVYLRMAFGHLYEAFHANPGTITGSAVGCNPDTFWSKLPILLPGSLFAFDYSGYDASLSPVWFRALELVLREIGYSEEAVSLIEGINHTHHVYRNKTYCVLGGMPSGCSGTSIFNSMINNIIIRALLIKTFKGIDLDELNMVAYGDDVLASYPFPIDCLELAKTGKEYGLTMTPVNWGNATFLKRGFLPDEQFPFLIHPTMPMREIHESIRWTKDARNTQDHVRSLCLLAWHNGKQEYEKFVSTIRSVPVGRALAIPNYENLRRNWLELF,"B:GGGAGAUGAGUCUCCAGGUCUCUCGGAA,C:GAGAGA",train,train,train,train,val
6KWQ,A,"B,C",1.8e-07,Default=298,Default=7,-9.196,A:GEIQWVKPNKETGRLNINGPTRTKLEPSVFHDIFEGNKEPAVLHSKDPRLEVDFEQALFSKYVGNTLHEPDEYIKEAALHYANQLKQLEINTSQMSMEEACYGTENLEAIDLHTSAGYPYSALGIKKRDILDPTTRDVSKMKFYMDKYGLDLPYSTYVKDELRSIDKIKKGKSRLIEASSLNDSVYLRMAFGHLYEAFHANPGTITGSAVGCNPDTFWSKLPILLPGSLFAFDYSGYDASLSPVWFRALELVLREIGYSEEAVSLIEGINHTHHVYRNKTYCVLGGMPSGCSGTSIFNSMINNIIIRALLIKTFKGIDLDELNMVAYGDDVLASYPFPIDCLELAKTGKEYGLTMTPADKSPCFNEVNWGNATFLKRGFLPDEQFPFLIHPTMPMREIHESIRWTKDARNTQDHVRSLCLLAWHNGKQEYEKFVSTIRSVPVGRALAIPNYENLRRNWLELF,"B:GGGAGAUGAAAGUCUCCAGGUCUCUCGGAAA,C:GUUCCGAGAGA",train,train,train,train,val
2RRA,A,B,1.5e-06,298,7.0,-7.94,A:GSSGSSGNRANPDPNCCLGVFGLSLYTTERDLREVFSKYGPIADVSIVYDQQSRRSRGFAFVYFENVDDAKEAKERANGMELDGRRIRVDFSITKRPHT,B:GAAGAA,train,train,train,train,val
3ADB,A,C,4.8e-08,293,7.5,-9.81,A:HHLIILTGLPGVGKSTFSKNLAKILSKNNIDVIVLGSDLIRESFPVWKEKYEEFIKKSTYRLIDSALKNYWVIVDDTNYYNSRRDLINIAKKYNKNYAIIYLKASLDVLIRRNIERGEKIPNEVIKKYEKFDEPGKKYKWDEPFLIIDTTKDIDFNEIAKKLIEKSKEIPKFYVLEENKNKNNNISDKIDKETRKIVSEYIKSKKLDKDKIKEVVELRKEFLKKIKKEEVDADRVLKEFKDLLNSY,C:GGCCGGCCACCGGGGUGGUCCCGGGCCGGACUUCAGAUCCGGCGCGCGGGGUUCAAUUCCCCGCCGGCCGCCA,train,train,train,train,val
2M8D,B,A,8e-07,313,Default=298,-8.73,B:MAPRGRYGPPSRRSENRVVVSGLPPSGSWQDLKDHMREAGDVCYADVYRDGTGVVEFVRKEDMTYAVRKLDNTKFRSHEGETAYIRVKVDG,A:UGAAGGAC,train,train,train,train,val
4YVI,"A,B",C,4.4e-07,298.0,8.0,-8.67,"A:HMWIGVISLFPEMFKAITEFGVTGRAVKHNLLKVECWNPRDFTFDKHKTVDDRPYGGGPGMLMMVQPLRDAIHTAKAAAGEGAKVIYLSPQGRKLDQGGVTELAQNQKLILVCGRYEGIDERLIQTEIDEEWSIGDYVLTGGELPAMTLIDAVARFIPGVLDSFADGLLDCPHYTRPEVLEGLTVPPVLMSGHHEEIRKWRLKQSLQRTWLRRPELLEGLALTDEQRKLLKEAQAEHNS,B:GSHMWIGVISLFPEMFKAITEFGVTGRAVKHNLLKVECWNPRDFTFDKHKTVDDRPYGGGPGMLMMVQPLRDAIHTAKAAAGEGAKVIYLSPQGRKLDQGGVTELAQNQKLILVCGRYEGIDERLIQTEIDEEWSIGDYVLTGGELPAMTLIDAVARFIPGVLGKQASAEEDSFADGLLDCPHYTRPEVLEGLTVPPVLMSGHHEEIRKWRLKQSLQRTWLRRPELLEGLALTDEQRKLLKEAQAEHNS",C:UGGGAGGUCGUCUAACGGUAGGACGGCGGACUCUGGAUCCGCUGGUGGAGGUUCGAGUCCUCCCCUCCCAG,train,train,train,train,val
2RQC,A,B,1.9e-06,298,7.0,-7.8,A:GSSGSSGLTQQSIGAAGSQKEGPEGANLFIYHLPQEFGDQDLLQMFMPFGNVVSAKVFIDKQTNLSKCFGFVSYDNPVSAQAAIQSMNGFQIGMKRLKVQLKRSKNDSKSGPSSG,B:UGUGUG,train,train,train,train,val
1M8Y,A,C,1.6e-07,Default=298,Default=7,-9.266,A:GRSRLLEDFRNNRYPNLQLREIAGHIMEFSQDQHGSRFIQLKLERATPAERQLVFNEILQAAYQLMVDVFGNYVIQKFFEFGSLEQKLALAERIRGHVLSLALQMYGCRVIQKALEFIPSDQQNEMVRELDGHVLKCVKDQNGNHVVQKCIECVQPQSLQFIIDAFKGQVFALSTHPYGCRVIQRILEHCLPDQTLPILEELHQHTEQLVQDQYGNYVIQHVLEHGRPEDKSKIVAEIRGNVLVLSQHKFASNVVEKCVTHASRTERAVLIDEVCTMNDGPHSALYTMMKDQYANYVVQKMIDVAEPGQRKIVMHKIRPHIATLRKYTYGKHILAKLEKYY,C:AUUGUACAUA,train,train,train,train,val
4QI2,A,E,1.45e-07,293,7.4,-9.17,A:HQNPQQLSSNLWAAVRARGCQFLGPAMQEEALKLVLLALEDGSALSRKVLVLFVVQRLEPRFPQASKTSIGHVVQLLYRASCFKVTKRDEDSSLMQLKEEFRTYEALRREHDSQIVQIAMEAGLRIAPDQWSSLLYGDQSHKSHMQSIIDKLQ,E:AUGUUUUCUGUGAAAACGG,train,train,train,train,val
5YTT,A,B,3.77e-06,Default=298,Default=7,-7.395,A:KKVIATKVLGTVKWFNVRNGYGFINRNDTKEDVFVHQTAIKKNKYLRSVGDGETVEFDVVEGEKGAEAANVTGPG,B:UCAUGU,train,train,train,train,val
6A6J,A,B,2.2300000000000002e-07,Default=298,Default=7,-9.069,A:KVIATKVLGTVKWFNVRNGYGFINRNDTKEDVFVHQTAIKKNNPRKYLRSVGDGETVEFDVVEGEKGAEAANVTGPGGVPVQGSKYAADR,B:CAUU,train,train,train,train,val
5F5H,A,C,8.100000000000001e-08,Default=298,Default=7,-9.669,A:QLSSNLWAAVRARGCQFLGPAMQEEALKLVLLALEDGSALSRKVLVLFVVQRLEPRFPQASKTSIGHVVQLLYRASCFKVTKRDEDSSLMQLKEEFRTYEALRREHDSQIVQIAMEAGLRIAPDQWSSLLYGDQSHKSHMQSIIDKLQ,C:CCACACCGUUCUAGGUGCUGG,train,train,train,train,val
2MKN,A,"B,C",2.3e-08,298,Default=298,-10.42,A:IDPDKFCSLCHATFNDPVMAQQHYVGKKHRKQETKLKLMARYGR,"B:GCCGUGGUCUGGUGGCCGG,C:CCGGCCACCAGACCACGGC",train,train,train,train,val
1M8X,A,C,5.000000000000001e-07,Default=298,Default=7,-8.591,A:GRSRLLEDFRNNRYPNLQLREIAGHIMEFSQDQHGSRFIQLKLERATPAERQLVFNEILQAAYQLMVDVFGNYVIQKFFEFGSLEQKLALAERIRGHVLSLALQMYGCRVIQKALEFIPSDQQNEMVRELDGHVLKCVKDQNGNHVVQKCIECVQPQSLQFIIDAFKGQVFALSTHPYGCRVIQRILEHCLPDQTLPILEELHQHTEQLVQDQYGNYVIQHVLEHGRPEDKSKIVAEIRGNVLVLSQHKFASNVVEKCVTHASRTERAVLIDEVCTMNDGPHSALYTMMKDQYANYVVQKMIDVAEPGQRKIVMHKIRPHIATLRKYTYGKHILAKLEKYY,C:UUGUAUAU,train,train,train,train,val
1K8W,A,B,7e-07,310.0,7.5,-8.73,A:MDINGVLLLDKPQGMSSNDALQKVKRIYNANRAGHTGALDPLATGMLPICLGEATKFSQYLLDSDKRYRVIARLGQRTDTSDADGQIVEERPVTFSAEQLAAALDTFRGDIEQIPSMYSALKYQGKKLYEYARQGIEVPREARPITVYELLFIRHEGNELELEIHCSKGTYIRTIIDDLGEKLGCGAHVIYLRRLAVSKYPVERMVTLEHLRELVEQAEQQDIPAAELLDPLLMPMDSPASDYPVVNLPLTSSVYFKNGNPVRTSGAPLEGLVRVTEGENGKFIGMGEIDDEGRVAPRRLVVEY,B:GGCAACGGUCGAUCCCGUUGC,train,train,train,train,val
4M59,"A,B","D,C",1.02e-07,Default=298,Default=7,-9.533,"A:PDAQVLVLAISSHPLPTLAAFLASRRDELLRADITSLLKALELSGHWEWALALLRWAGKEGAADASALEMVVRALGREGQHDAVCALLDETPLPPGSRLDVRAYTTVLHALSRAGRYERALELFAELRRQGVAPTLVTYNVVLDVYGRMGRSWPRIVALLDEMRAAGVEPDGFTASTVIAACSRDGLVDEAVAFFEDLKARGHAPSVVTYNALLQVFGKAGNYTEALRVLGEMEQNGCQPDAVTYNELAGTEEAARCLDTMASPNAFTYNTVMTAYGNVGKVDEALALFDQMKKTGFVPNVNTYNLVLGMLGKKSRFTVMLEMLGEMSRSGCTPNRVTWNTMLAVSGKRGMEDYVTRVLEGMRSSGVELSRDTYNTLIAAYGRCGSRTNAFKMYNEMTSAGFTPCITTYNALLNVLSRQGDWSTAQSIVSKMRTKGFKPNEQSYSLLLQCYAKGGNVAGIAAIENEVYGSGAVFPSWVILRTLVIANFKCRRLDGMETAFQEVKARGYNPDLVIFNSMLSIYAKNGMYSKATEVFDSIKRSGLSPDLITYNSLMDMYAKCSESWEAEKILNQLKCSQTMKPDVVSYNTVINGFCKQGLVKEAQRVLSEMVADGMAPCAVTYHTLVGGYSSLEMFSEAREVIGYMVQHGLKPMELTYRRVVESYCRAFEEARGFLSEVKALEAYIEDA,B:LSPDAQVLVLAISSHPLPTLAAFLASRRDELLRADITSLLKALELSGHWEWALALLRWAGKEGAADASALEMVVRALGREGQHDAVCALLDETPLPPGSRLDVRAYTTVLHALSRAGRYERALELFAELRRQGVAPTLVTYNVVLDVYGRMGRSWPRIVALLDEMRAAGVEPDGFTASTVIAACSRDGLVDEAVAFFEDLKARGHAPSVVTYNALLQVFGKAEALRVLGEMEQNGPDAVTYNELAGTYARAGFFEEAARCLDTMAFTYNTVMTAYGNVGKVDEALALFDQMKKTGFVPNVNTYNLVLGMLGKKSRFTVMLEMLGEMSRSGCTPNRVTWNTMLAVSGKRGMEDYVTRVLEGMRSSGVELSRDTYNTLIAAYGRCGSRTNAFKMYNEMTSAGFTPCITTYNALLNVLSRQGDWSTAQSIVSKMRTKGFKPNEQSYSLLLQCYAKGGNVAGIAAIENEVYVFPSWVILRTLVIANFKCRRLDGMETAFQEVKARGYNPDLVIFNSMLSIYAKNGMYSKATEVFDSIKRSGLSPDLITYNSLMDMYAKCSESWEAEKILNQLKCSQTMKPDVVSYNTVINGFCKQGLVKEAQRVLSEMVADGMAPCAVTYHTLVGGYSSLEMFSEAREVIGYMVQHGLKPMELTYRRVVESYCRAKRFEEARGFLKALEAYIEDAQF","D:GUAUUCUUUAAUUAUUUC,C:GUAUUCAUUAUUUC",train,train,train,train,val
5H1K,A,C,2.4e-07,Default=298,Default=7,-9.026,A:QEPRTLPPSPNWYCARCSDAVPGGLFGFAARTSVFLVRVGPGAGESPGTPPFRVIGELVGHTERVSGFTFSHHPGQYNLCATSSDDGTVKIWDVETKTVVTEHALHQHTISTLHWSPRVKDLIVSGDEKGVVFCYWFNRNDSQHLFIEPRTIFCLTCSPHHEDLVAIGYKDGIVVIIDISKKGEVIHRLRGHDDEIHSIAWCPLPGEDCLSIGCYLATGSKDQTIRIWSCSRGRGVMILKLPFKERLWLTLHWPSNQPTQLVSSCFGGELLQWDLTQKYTLFSASSEGQNHSRIVFNLCPLQTEDDKQLLLSTSMDRDVKCWDIATLECSWTLPSLGGFAYSLAFSSVDIGSLAIGVGDGMIRVWNTLSIKNNYDVKNFWQGVKSKVTALCWHPTKEGCLAFGTDDGKVGLYDTYSNKPPQISSTYHKKTVYTLAWGPPVPPMSLPSLALYSCGGEGIVLQHNPWKLSGEAFDINKLIRDTNSIKYKLPVHTEISWKADGKIMALGNEDGSIEIFQIPNLKLICTIQQHHKLVNTISWHHEHGSQPELSYLMASGSNNAVIYVHNLKTVIESSPESPVTITEPYRTLSGHTAKITSVAWSPHHDGRLVSASYDGTAQVWDALREEPLCNFRGHRGRLLCVAWSPLDPDCIYSGADDFCVHKWLTSMQDHSRPPQ,C:GCAAUUUUUGACA,train,train,train,train,val
5YTX,A,B,1.34e-06,Default=298,Default=7,-8.008,A:KKVIATKVLGTVKWFNVRNGYGFINRNDTKEDVFVHQTAIKKKYLRSVGDGETVEFDVVEGEKGAEAANVTGPG,B:CAAC,train,train,train,train,val
1YTU,A,"C,D",1.9e-07,298,7.5,-9.16,A:EYKIVENGLTYRIGNGASVPISNTGELIKGLRNYGPYEVPSLKYNQIALIHNNQFSSLINQLKSQISSKIDEVWHIHNINISEFIYDSPHFDSIKSQVDNAIDTGVDGILVLPEYNTPLYYKLKSYLINSIPSQFRYDILSNRNLTFYVDNLLVQFVSKLGGKPWILNVDPEKGSDIIIGTGATRIDNVNLFCFAVFKKDGTLWNEISPIVTSSEYLTYLKSTIKKVVYGFKKSNPDWDVEKLTLHVSGKRPKKDGETKILKETVEELKKQEVSRDVKYAILHLNETHPFWVGDPYEGTKVKLSSKRYLLTLLQPYPIKPLSVEIVSDNWTSEEYYHNVHEILDEIYYLSKNWRGFRSRNLPVTVNYPKLVAGIIANVNRYGGYPINPEGNRSLQTNPWFL,"C:AGACA,D:UGUC",train,train,train,val,train
6FPX,A,B,1.54e-07,298,7.0,-9.289,A:TPPPLNFSRASEHRNEKGERISMINPRVVLDENGISHRSRYFIMLCDNETAIAHAKKTSIWAVKKDSSKRISDAYKKASVYFIFVAQQTYNALGYAQVVSDLNSTELPFWSDSSHAGGVRIKWIKTCNLFSAEISEIVSHMDHGSEARDGMEMMYDEGSRLCTLINYAIMKRIGRDR,B:UUUAAACCUA,train,train,train,val,train
4PDB,A,I,1.1e-07,298,7.6,-9.49,A:TDPIADMLTRIRNANMVRHEKLEVPASKIKKEIAELLKREGFIRDVEYIEDNKQGILRIFLKYGANNERVITGLKRISKPGLRVYAKADEVPRVLNGLGIALVSTSKGVMTDKDARQLQTGGEVVAYVW,I:GGGAUGCUCAGUGAUCCUUCGGGAUAUCAGGGCAUCCC,train,train,train,val,train
4L8R,"B,C",A,4e-09,293,7.5,-11.26,"B:DPVYKEIAITNGCINRSKEELRAKLSEFKLETRGVKDVLKKRLKNYYKKQKLDSYYDYICIIDFEATCEEGNPPEFVHEIIEFPVVLLNTHTLEIEDTFQQYVRPEINTQLSDFCISLTGITQDQVDRADTFPQVLKKVIDWKLKELGTKYKYSLLTDGSWDSKFLNIQCQLSRLKYPPFAKKWINIRKSYGNFYKVQTKLTILEKLGDYDGRPHCGLDDSKNIARIAVRLQDGCELRINEKHAGQLSVSSSLPIEGTPPPQPHFR,C:DFETDESVLMRRQKQINYGKNTIAYDRYIKEVPGIHPKTPNKFKKYSRRSWDQQIKLWKVALHFWDP",A:CCAAAGGCUCUUUUCAGAGCCACCCA,train,train,train,val,train
1WWG,A,B,9.5e-08,Default=298,Default=7,-9.575,A:ATVVSGQKQDRQGGERRRSQLDRDQCAYCKEKGHWAKDCPKKPRGPRGPRPQTSLL,B:UAUCUG,train,train,train,val,train
4N2S,A,B,2.5e-07,Default=298,Default=7,-9.002,A:SLSTEAIHAVQALKRLTAADRSPPAATAAASAALGRLLRADLLAAMAELQRQGHWSLALAALHVARAEPWYRPDPELYATFVSSSPSNDPAAAAAVDALVEAFIEEKERGAAGGSSEGVWVGEDVYKLTRLVRALVAKGRARAAWRVYEAAVRKGGCEVDEYMYRVMAKGMKRLGLDEEAAEVEADLADWEARHLPD,B:GGAA,train,train,train,val,train
3K4E,A,B,3e-09,Default=298,Default=7,-11.621,A:SPLLEQLRNSNMSLKDIFGHSLEFCKDQHGSRFIQRELATSPASEKEVIFNEIRDDAIELSNDVFGNYVIQKFFEFGSKIQKNTLVDQFKGNMKQLSLQMYACRVIQKALEYIDSNQRIELVLELSDSVLQMIKDQNGNHVIQKAIETIPIEKLPFILSSLTGHIYHLSTHSYGCRVIQRLLEFGSSEDQESILNELKDFIPYLIQDQYGNYVIQYVLQQDQFTNKEMVDIKQEIIETVANNVVEYSKHKFASNVVEKSILYGSKNQKDLIISKILPRDKNHALNLEDDSPMILMIKDQFANYVIQKLVNVSEGEGKKLIVIAIRAYLDKLLASVEKLAALVE,B:CUUGUAUAUA,train,train,train,val,train
6SDW,A,B,1.78e-08,308.0,6.5,-10.92,A:GSHMKSEISQVFEIALKRNLPVNFEVARESGPPHMKNFVTKVSVGEFVGEGEGKSKKISKKNAAIAVLEELKKLPPLPAVERVKPRIKKKTKPIVKPQTSPEYGQGINPISRLAQIQQAKKEKEPEYTLLTERGLPRRREFVMQVKVGNHTAEGTGTNKKVAKRNAAENMLEILGFK,B:GGCAGAAGCUGCCUCUUCGGAGGCAGUUUCUGCC,train,train,train,val,train
1F6U,A,B,1.1e-07,303,6.5,-9.65,A:MQKGNFRNQRKTVKCFNCGKEGHIAKNCRAPRKKGCWKCGKEGHQMKDCTERQAN,B:GCGACUGGUGAGUACGCC,train,train,train,val,train
3NCU,"A,B","C,D",2.92e-08,Default=298,Default=7,-10.273,"A:ENKKLLCRKCKALACYTADVRVIEECHYTVLGDAFKECFVSRPHPKPKQFSSFEKRAKIFCARQNCSHDWGIHVKYKTFEIPVIKIESFVVEDIATGVQTLYSKWKDFHFEKIPFDPAEM,B:ENKKLLCRKCKALACYTADVRVIEECHYTVLGDAFKECFVSRPHPKPKQFSSFEKRAKIFCARQNCSHDWGIHVKYKTFEIPVIKIESFVVEDIATGVQTLYSKWKDFHFEKIPFDPAEM","C:ACGCUAGCGUC,D:ACGCUAGCGUC",train,train,train,val,train
6F4H,A,B,3.4e-08,Default=298,Default=7,-10.183,A:EMLPNQTIYINNLNEKIKKEELKKSLYAIFSQFGQILDIVALKTLKMRGQAFVIFKEIGSASNALRTMQGFPFYDKPMQIAYSKSDSDIV,B:GGCCGCAUUGCACCUCGCGGCC,train,train,train,val,train
3R9W,A,B,1.26e-08,298,7.5,-10.77,A:HMKVGYVAIVGKPNVGKSTLLNNLLGTKVSIISPKAGTTRMRVLGVKNIPNEAQIIFLDTPGIYEPKKSDVLGHSMVEIAKQSLEEADVILFMIDATEGWRPRDEEIYQNFIKPLNKPVIVVINKIDKIGPAKNVLPLIDEIHKKHPELTEIVPISALKGANLDELVKTILKYLPEGEPLFPEDMITDLPLRLLAAEIVREKAMMLTREEVPTSIAVKINEIKPGDANPNMLVIKGEIIVDRENLKPIIIGKKGQRLKEIGKRARQELELILGRPVYLELWVKVVPDWRRRPEYVRLFGYAL,B:CAACCGUAGGGGAACCUGCGGUUGGAUCACCUCC,train,train,train,val,train
3IWN,C,A,1e-09,Default=298,Default=7,-12.271,C:TRPNHTIYINNLNEKIKKDELKKSLHAIFSRFGQILDILVSRSLKMRGQAFVIFKEVSSATNALRSMQGFPFYDKPMRIQYAKTDSDIIAK,A:CACGCACAGGGCAAACCAUUCGAAAGAGUGGGACGCAAAGCCUCCGGCCUAAACGGCAUUGCACUCCGCCGUAGGUAGCGGGGUUACCGAUGG,train,train,train,val,train
2C4R,L,R,2e-07,310.0,8.3,-9.5,L:AHIEGRHMKRMLINATQQEELRVALVDGQRLYDLDIESPGHEQKKANIYKGKITRIEPSLEAAFVDYGAERHGFLPLKEIAREYFPNIKDVLREGQEVIVQIDKEERGNKGAALTTFISLAGSYLVLMPNNPRAGGISRRIELKEALASLELPEGMGLIVRTAGVGKSAEALQWDLSFRLKHWEAIKKAAESRPAPFLIHQESNVIVRAFRDYLRQDIGEILIDNPKVLELARQHIAALGRPDFSSKIKLYTGEIPLFSHYQIESQIESAFQREVRLPSGGSIVIDSTEALTAIDINSARGDIEETAFNTNLEAADEIARQLRLRDLGGLIVIDFIDMTPVRHQRAVENRLREAVRQDRARIQISHISRFGLLEMSRQRLSPSLGESSHHVCPRCSGTGTVRDNESLSLSILRLIEEEALKENTQEVHAIVPVPIASYLLNEKRSAVNAIETRQDGVRCVIVPNDQMETPHYHVLRVRKGEETPTLSYMLP,R:ACAGUAUUUG,train,train,train,val,train
3EGZ,A,B,6e-10,Default=298,Default=7,-12.574,A:TRPNHTIYINNLNEKIKKDELKKSLHAIFSRFGQILDILVSRSLKRGQAFVIFKEVSSATNALRSQGFPFYDKPRIQYAKTDSDIIAK,B:GAGGGAGAGGUGAAGAAUACGACCACCUAGGUACCAUUGCACUCCGGUACCUAAAACAUACCCUC,train,train,train,val,train
6SDY,A,B,1.78e-08,308.0,6.5,-10.92,A:GSHMNPISRLAQIQQAKKEKEPEYTLLTERGLPRRREFVMQVKVGNHTAEGTGTNKKVAKRNAAENMLEILGFK,B:GGCAGAAGCUGCCUCUUCGGAGGCAGUUUCUGCC,train,train,train,val,train
1A4T,B,A,5.5e-08,298.0,8.3,-9.9,B:NAKTRRHERRRKLAIERDT,A:GCGCUGACAAAGCGC,train,train,train,val,train
1WWD,A,B,2.5e-07,303,7.0,-9.15,A:ATVVSGQKQDRQGGERRRSQLDRDQCAYCKEKGHWAKDCPKKPRGPRGPRPQTSLL,B:AACAGU,train,train,train,val,train
3K0J,"A,D",E,8.650000000000001e-09,Default=298,Default=7,-10.994,"A:TRPNHTIYINNLNEKIKKDELKKSLHAIFSRFGQILDILVSRSLKMRGQAFVIFKEVSSATNALRSMQGFPFYDKPMRIQYAKTDSDIIAKM,D:TRPNHTIYINNLNEKIKKDELKKSLHAIFSRFGQILDILVSRSMRGQAFVIFKEVSSATNALRSMQGFPFYDKPMRIQYAKT",E:GCGACUCGGGGUGCCCUCCAUUGCACUCCGGAGGCUGAGAAAUACCCGUAUCACCUGAUCUGGAUAAUGCCAGCGUAGGGAAGUCGC,train,train,train,val,train
1KNZ,"A,B",W,8.9e-08,298,7.4,-9.61,"A:TQQMAVSIINSSFEAAVVAATSALENMGIEYDYQDIYSRVKNKFDFVMDDSGVKNNPIGKAITIDQALNNKFGSAIRNRNWLADTSRPAKLDEDVNKLRMMLGIDQKMRVLNACFSVKRIPGKSSSIIKCTKLMRDKLERGEVEVDDSFVDEKM,B:GSMESTQQMAVSIINSSFEAAVVAATSALENMGIEYDYQDIYSRVKNKFDFVMDDSGVKNNPIGKAITIDQALNDTSRPAKLDEDVNKLRMMLSSKGIDQKMRVLNACFSVKRIPGKSSSIIKCTKLMRDKLERGEVE",W:UGACC,train,train,train,val,train
6R7B,"A,B",D,1.8000000000000002e-08,Default=298,Default=7,-10.56,"A:MKCLFYIAGDVSNYSIVNYELNGQTQNTFFAAHALYNLFKPDKVIALIPDSLVKDNVSDEECYKNLVINRAKELNFAGMEEFMNKVEIRKIPNVGIASAIQCENGAPKKEKNKEGREVLKRLPYNEKRSPIFIFNAIYAIFKDEACDEYLVDLTHGTNVLVSIGMNVGALFNAKFYSAPVMGMPGKDSIVNIVELTDVVQATNDSLMIRSSIENLDERYFKDYSAKLSRLNPTIFEEEEKKVLTRVKGTDVNVVINFLWNIRNGFTVNAVKSMNELKNIINQLEEDLEKLKSFYKNWEEHKNFQGETLLVLSDLDSTLKVKDLLIEGNDLEKLNYLLDLYIKASIYDKALSLARELPVAICLNKVGGGMFDDKNEKYKHCNEIVTSYLRLRYSGLMEFRNTLMHGGLSTDMKPNVDKDGNITPGKIVTKNKIEDFVKRELRNYFDKIVNFLSSA,B:MKCLFYIAGDVSNYSIVNYELNGQTQNTFFAAHALYNLFKPDKVIALIPDSLVKDNVSDEECYKNLVINRAKELNFAGMEEFMNKVEIRKIPNVGIASAIQCENGAPKKEKNKEGREVLKRLPYNEKRSPIFIFNAIYAIFKDEACDEYLVDLTHGTNVLVSIGMNVGALFNAKFYSAPVMGMPGKDSIVNIVELTDVVQATNDSLMIRSSIENLDERYFKDYSAKLSRLNPTIFEEEEKKVLTRVKGTDVNVVINFLWNIRNGFTVNAVKSMNELKNIINQLEEDLEKLKSFYKNWEEHKNFQGETLLVLSDLDSTLKVKDLLIEGNDLEKLNYLLDLYIKASIYDKALSLARELPVAICLNKVGGGMFDDKNEKYKHCNEIVTSYLRLRYSGLMEFRNTLMHGGLSTDMKPNVDKDGNITPGKIVTKNKIEDFVKRELRNYFDKIVNFLSSA",D:AAAA,train,train,train,val,train
5DNO,A,B,1.8e-06,Default=298,Default=7,-7.833,A:AMSEHRERISMINPRVVLDENGISHRSRYFIMLCDNETAIAHAKKTSIWAVKKDSSKRISDAYKKASVYFIFVAQQTYNALGYAQVVSDLNSTELPFWSDSSHAGGVRIKWIKTCNLFSAEISEIVSHMDHGSEARDGMEMMYDEGSRLCTLINYAIMKRIGRDR,B:CUUAAAC,train,train,train,val,train
4PKD,B,V,4.7e-09,293,7.5,-11.16,B:TRPNHTIYINNLNEKIKKDELKKSLYAIFSQFGQILDILVSRSLKMRGQAFVIFKEVSSATNALRSMQGFPFYDKPMRIQYAKTDSDIIAKMKGTFVEETREERMERKRREKIERRQQEVETELKMWDPHNDPNAQGDAFKTLFVARVNYDTTESKLRREFEVYGPIKRIHMVYSKRSGKPRGYAFIEYEHERDMHSAYKHADGKKIDGRRVLVDVERGRTVKGWRPRRLGGGLGGTRRG,V:GAUCCAUUGCACUCCGGAUCCAGGAGAUACCAUGAUCACGAAGGUGGUUUUCCU,train,train,train,val,train
4LJ0,A,"C,D,E",5e-07,Default=298,Default=7,-8.591,A:EQDCKYWPNCANPLCAFRHPTMPPCRNGGECKVPGCKFTHLKTPCKFRPCTNRSCPFLHEEGQRG,"C:AAAA,D:AAAA,E:AA",train,train,train,val,train
1WWF,A,B,9.400000000000001e-08,Default=298,Default=7,-9.581,A:ATVVSGQKQDRQGGERRRSQLDRDQCAYCKEKGHWAKDCPKKPRGPRGPRPQTSLL,B:CCUCCGU,train,train,train,val,train
5W6V,A,R,1.18e-07,298,Default=298,-9.445,A:FQAPRRPGIGTVGKPIKLLANYFEVDIPKIDVYHYEVDIKPDKCPRRVNREVVEYMVQHFKPQIFGDRKPVYDGKKNIYTVTALPIGNERVDFEVTIPGKDRIFKVSIKWLAIVSWRMLHEALVSGQIPVPLESVQALDVAMRHLASMRYTPVGRSFFSPPEGYYHPLGGGREVWFGFHQSVRPAMWKMMLNIDVSATAFYKAQPVIEFMCEVLDIRNQPKPLTDSQRVRFTKEIKGLKVEVTHCKRKYRVCNVTRRPASHQTFPECTVAQYFKQKYNLQLKYPHLPCLQVQKHTYLPLEVCNIVAGQRCIKKLTDNQTSTMIKATARSAPDRQEEISRLMKNASYNLDPYIQEFGIKVKDDMTEVTGRVLPAPILQYGGRNRAIATPNQGVWDMRGKQFYNGIEIKVWAIACFAPQKQCREEVLKNFTDQLRKISKDAGMPIQGQPCFCKYAQGADSVEPMFRHLKNTYSGLQLIIVILPGKTPVYAEVKRVGDTLLGMATQCVQVKNVVKTSPQTLSNLCLKINVKLGGINNILVPHQRSAVFQQPVIFLGADVTHPPAKKPSITAVVGSMDAHPSRYCATVRVQRPRQEIIEDLSYMVRELLIQFYKSTRFKPTRIIFYRDGVPEGQLPQILHYELLAIRDACIKLEKDYQPGITYIVVQKRHHTRLFCADKNERIGKSGNIPAGTTVDTNITHPFEFDFYLCSHAGIQGTSRPSHYYVLWDDNRFTADELQILTYQLCHTYVRCTRSVSIPAPAYYARLVAFRARYHLVDDPQALAKAVQVHQDTLRTMYFA,R:AAUAUUAAAA,train,train,train,val,train
2MKI,A,B,8.6e-08,298,Default=298,-9.63,A:SHQNGERVERYSRKVFVGGLPPDIDEDEITASFRRFGPLIVDWPHKAESKSYFPPKGYAFLLFQDESSVQALIDACIEEDGKLYLCVSSPTIKDKPVQIRPWNLSDSDFVMDGSQPLDPRKTIFVGGVPRPLRAVELAMIMDRLYGGVCYAGIDTDPELKYPKGAGRVAFSNQQSYIAAISARFVQLQHGEIDKRVEVKPYVL,B:CUUUA,train,train,train,val,train
1K1G,A,B,1e-06,Default=298,Default=7,-8.181,A:TRVSDKVMIPQDEYPEINFVGLLIGPRGNTLKNIEKECNAKIMIRGKGSVKEGKVGRKDGQMLPGEDEPLHALVTANTMENVKKAVEQIRNILKQGIETPEDQNDLRKMQLRELARLNGTLR,B:UAUACUAACAA,train,train,train,val,train
2MS1,A,B,4e-09,Default=298,Default=7,-11.45,A:ATVVSGQKQDRQGGERRRSQLDRDQCAYCKEKGHWAKDCPKKPRGPRGPRPQTSL,B:GGCUCGUUGGUCUAGGGGUAUGAUUCUCGCUUAGGGUGCGAGAGGUCCCGGGUUCAAAUCCCGGACGAGCC,train,train,train,val,train
6F4G,"A,B",C,4.2e-09,295,7.0,-11.307,"A:MVKLTPELINQSMQYINPVRERELDLRGYKIPQIENLGATLDQFDTIDLSDNDLRKLDNLPHLPRLKTLLLNNNRILRISEGLEEAVPNLGSIILTGNNLQELSDLEPLVGFTKLETISLLINPVSTKPNYREYMAYKFPQLRLLDFRKIKQKDRQAAQEFFRTKQGKDVLKEIS,B:GAMEMLPNQTIYINNLNEKIKKEELKKSLYAIFSQFGQILDIVALKTLKMRGQAFVIFKEIGSASNALRTMQGFPFYDKPMQIAYSKSDSDIVAK",C:GCGGCCGUAUUGCAGUACCGCGGCC,train,train,train,val,train
