key,affinity,fold0,fold1,fold2,fold3,fold4
1A4T_0_RNA_A_1A4T_0_PROT_B,-9.9,train,train,train,test,train
1A4T_10_RNA_A_1A4T_10_PROT_B,-9.9,train,train,train,test,train
1A4T_11_RNA_A_1A4T_11_PROT_B,-9.9,train,train,train,test,train
1A4T_12_RNA_A_1A4T_12_PROT_B,-9.9,train,train,train,test,train
1A4T_13_RNA_A_1A4T_13_PROT_B,-9.9,train,train,train,test,train
1A4T_14_RNA_A_1A4T_14_PROT_B,-9.9,train,train,train,test,train
1A4T_15_RNA_A_1A4T_15_PROT_B,-9.9,train,train,train,test,train
1A4T_16_RNA_A_1A4T_16_PROT_B,-9.9,train,train,train,test,train
1A4T_17_RNA_A_1A4T_17_PROT_B,-9.9,train,train,train,test,train
1A4T_18_RNA_A_1A4T_18_PROT_B,-9.9,train,train,train,test,train
1A4T_19_RNA_A_1A4T_19_PROT_B,-9.9,train,train,train,test,train
1A4T_1_RNA_A_1A4T_1_PROT_B,-9.9,train,train,train,test,train
1A4T_2_RNA_A_1A4T_2_PROT_B,-9.9,train,train,train,test,train
1A4T_3_RNA_A_1A4T_3_PROT_B,-9.9,train,train,train,test,train
1A4T_4_RNA_A_1A4T_4_PROT_B,-9.9,train,train,train,test,train
1A4T_5_RNA_A_1A4T_5_PROT_B,-9.9,train,train,train,test,train
1A4T_6_RNA_A_1A4T_6_PROT_B,-9.9,train,train,train,test,train
1A4T_7_RNA_A_1A4T_7_PROT_B,-9.9,train,train,train,test,train
1A4T_8_RNA_A_1A4T_8_PROT_B,-9.9,train,train,train,test,train
1A4T_9_RNA_A_1A4T_9_PROT_B,-9.9,train,train,train,test,train
1EC6_0_RNA_D_1EC6_0_PROT_A,-7.99,train,test,train,train,train
1F6U_0_RNA_B_1F6U_0_PROT_A,-9.65,train,train,train,test,train
1F6U_10_RNA_B_1F6U_10_PROT_A,-9.65,train,train,train,test,train
1F6U_11_RNA_B_1F6U_11_PROT_A,-9.65,train,train,train,test,train
1F6U_12_RNA_B_1F6U_12_PROT_A,-9.65,train,train,train,test,train
1F6U_13_RNA_B_1F6U_13_PROT_A,-9.65,train,train,train,test,train
1F6U_14_RNA_B_1F6U_14_PROT_A,-9.65,train,train,train,test,train
1F6U_15_RNA_B_1F6U_15_PROT_A,-9.65,train,train,train,test,train
1F6U_16_RNA_B_1F6U_16_PROT_A,-9.65,train,train,train,test,train
1F6U_17_RNA_B_1F6U_17_PROT_A,-9.65,train,train,train,test,train
1F6U_18_RNA_B_1F6U_18_PROT_A,-9.65,train,train,train,test,train
1F6U_19_RNA_B_1F6U_19_PROT_A,-9.65,train,train,train,test,train
1F6U_1_RNA_B_1F6U_1_PROT_A,-9.65,train,train,train,test,train
1F6U_2_RNA_B_1F6U_2_PROT_A,-9.65,train,train,train,test,train
1F6U_3_RNA_B_1F6U_3_PROT_A,-9.65,train,train,train,test,train
1F6U_4_RNA_B_1F6U_4_PROT_A,-9.65,train,train,train,test,train
1F6U_5_RNA_B_1F6U_5_PROT_A,-9.65,train,train,train,test,train
1F6U_6_RNA_B_1F6U_6_PROT_A,-9.65,train,train,train,test,train
1F6U_7_RNA_B_1F6U_7_PROT_A,-9.65,train,train,train,test,train
1F6U_8_RNA_B_1F6U_8_PROT_A,-9.65,train,train,train,test,train
1F6U_9_RNA_B_1F6U_9_PROT_A,-9.65,train,train,train,test,train
1FJE_0_RNA_A_1FJE_0_PROT_B,-11.861,train,test,train,train,train
1FJE_10_RNA_A_1FJE_10_PROT_B,-11.861,train,test,train,train,train
1FJE_11_RNA_A_1FJE_11_PROT_B,-11.861,train,test,train,train,train
1FJE_12_RNA_A_1FJE_12_PROT_B,-11.861,train,test,train,train,train
1FJE_13_RNA_A_1FJE_13_PROT_B,-11.861,train,test,train,train,train
1FJE_14_RNA_A_1FJE_14_PROT_B,-11.861,train,test,train,train,train
1FJE_15_RNA_A_1FJE_15_PROT_B,-11.861,train,test,train,train,train
1FJE_16_RNA_A_1FJE_16_PROT_B,-11.861,train,test,train,train,train
1FJE_17_RNA_A_1FJE_17_PROT_B,-11.861,train,test,train,train,train
1FJE_18_RNA_A_1FJE_18_PROT_B,-11.861,train,test,train,train,train
1FJE_1_RNA_A_1FJE_1_PROT_B,-11.861,train,test,train,train,train
1FJE_2_RNA_A_1FJE_2_PROT_B,-11.861,train,test,train,train,train
1FJE_3_RNA_A_1FJE_3_PROT_B,-11.861,train,test,train,train,train
1FJE_4_RNA_A_1FJE_4_PROT_B,-11.861,train,test,train,train,train
1FJE_5_RNA_A_1FJE_5_PROT_B,-11.861,train,test,train,train,train
1FJE_6_RNA_A_1FJE_6_PROT_B,-11.861,train,test,train,train,train
1FJE_7_RNA_A_1FJE_7_PROT_B,-11.861,train,test,train,train,train
1FJE_8_RNA_A_1FJE_8_PROT_B,-11.861,train,test,train,train,train
1FJE_9_RNA_A_1FJE_9_PROT_B,-11.861,train,test,train,train,train
1K1G_0_RNA_B_1K1G_0_PROT_A,-8.181,train,train,train,test,train
1K1G_1_RNA_B_1K1G_1_PROT_A,-8.181,train,train,train,test,train
1K1G_2_RNA_B_1K1G_2_PROT_A,-8.181,train,train,train,test,train
1K1G_3_RNA_B_1K1G_3_PROT_A,-8.181,train,train,train,test,train
1K1G_4_RNA_B_1K1G_4_PROT_A,-8.181,train,train,train,test,train
1K1G_5_RNA_B_1K1G_5_PROT_A,-8.181,train,train,train,test,train
1K1G_6_RNA_B_1K1G_6_PROT_A,-8.181,train,train,train,test,train
1K1G_7_RNA_B_1K1G_7_PROT_A,-8.181,train,train,train,test,train
1K1G_8_RNA_B_1K1G_8_PROT_A,-8.181,train,train,train,test,train
1K1G_9_RNA_B_1K1G_9_PROT_A,-8.181,train,train,train,test,train
1K8W_0_RNA_B_1K8W_0_PROT_A,-8.73,train,train,train,train,test
1M8X_0_RNA_C_1M8X_0_PROT_A,-8.591,train,train,train,train,test
1M8Y_0_RNA_C_1M8Y_0_PROT_A,-9.266,train,train,train,train,test
1MMS_0_RNA_C_1MMS_0_PROT_A,-9.44,train,train,train,test,train
1NYB_0_RNA_B_1NYB_0_PROT_A,-9.13,train,train,test,train,train
1NYB_10_RNA_B_1NYB_10_PROT_A,-9.13,train,train,test,train,train
1NYB_11_RNA_B_1NYB_11_PROT_A,-9.13,train,train,test,train,train
1NYB_12_RNA_B_1NYB_12_PROT_A,-9.13,train,train,test,train,train
1NYB_13_RNA_B_1NYB_13_PROT_A,-9.13,train,train,test,train,train
1NYB_14_RNA_B_1NYB_14_PROT_A,-9.13,train,train,test,train,train
1NYB_1_RNA_B_1NYB_1_PROT_A,-9.13,train,train,test,train,train
1NYB_2_RNA_B_1NYB_2_PROT_A,-9.13,train,train,test,train,train
1NYB_3_RNA_B_1NYB_3_PROT_A,-9.13,train,train,test,train,train
1NYB_4_RNA_B_1NYB_4_PROT_A,-9.13,train,train,test,train,train
1NYB_5_RNA_B_1NYB_5_PROT_A,-9.13,train,train,test,train,train
1NYB_6_RNA_B_1NYB_6_PROT_A,-9.13,train,train,test,train,train
1NYB_7_RNA_B_1NYB_7_PROT_A,-9.13,train,train,test,train,train
1NYB_8_RNA_B_1NYB_8_PROT_A,-9.13,train,train,test,train,train
1NYB_9_RNA_B_1NYB_9_PROT_A,-9.13,train,train,test,train,train
1OOA_0_RNA_C_1OOA_0_PROT_A,-11.27,train,train,train,train,test
1QFQ_0_RNA_A_1QFQ_0_PROT_B,-12.12,train,train,test,train,train
1QFQ_10_RNA_A_1QFQ_10_PROT_B,-12.12,train,train,test,train,train
1QFQ_11_RNA_A_1QFQ_11_PROT_B,-12.12,train,train,test,train,train
1QFQ_12_RNA_A_1QFQ_12_PROT_B,-12.12,train,train,test,train,train
1QFQ_13_RNA_A_1QFQ_13_PROT_B,-12.12,train,train,test,train,train
1QFQ_14_RNA_A_1QFQ_14_PROT_B,-12.12,train,train,test,train,train
1QFQ_15_RNA_A_1QFQ_15_PROT_B,-12.12,train,train,test,train,train
1QFQ_16_RNA_A_1QFQ_16_PROT_B,-12.12,train,train,test,train,train
1QFQ_17_RNA_A_1QFQ_17_PROT_B,-12.12,train,train,test,train,train
1QFQ_18_RNA_A_1QFQ_18_PROT_B,-12.12,train,train,test,train,train
1QFQ_19_RNA_A_1QFQ_19_PROT_B,-12.12,train,train,test,train,train
1QFQ_1_RNA_A_1QFQ_1_PROT_B,-12.12,train,train,test,train,train
1QFQ_20_RNA_A_1QFQ_20_PROT_B,-12.12,train,train,test,train,train
1QFQ_21_RNA_A_1QFQ_21_PROT_B,-12.12,train,train,test,train,train
1QFQ_22_RNA_A_1QFQ_22_PROT_B,-12.12,train,train,test,train,train
1QFQ_23_RNA_A_1QFQ_23_PROT_B,-12.12,train,train,test,train,train
1QFQ_24_RNA_A_1QFQ_24_PROT_B,-12.12,train,train,test,train,train
1QFQ_25_RNA_A_1QFQ_25_PROT_B,-12.12,train,train,test,train,train
1QFQ_26_RNA_A_1QFQ_26_PROT_B,-12.12,train,train,test,train,train
1QFQ_27_RNA_A_1QFQ_27_PROT_B,-12.12,train,train,test,train,train
1QFQ_28_RNA_A_1QFQ_28_PROT_B,-12.12,train,train,test,train,train
1QFQ_2_RNA_A_1QFQ_2_PROT_B,-12.12,train,train,test,train,train
1QFQ_3_RNA_A_1QFQ_3_PROT_B,-12.12,train,train,test,train,train
1QFQ_4_RNA_A_1QFQ_4_PROT_B,-12.12,train,train,test,train,train
1QFQ_5_RNA_A_1QFQ_5_PROT_B,-12.12,train,train,test,train,train
1QFQ_6_RNA_A_1QFQ_6_PROT_B,-12.12,train,train,test,train,train
1QFQ_7_RNA_A_1QFQ_7_PROT_B,-12.12,train,train,test,train,train
1QFQ_8_RNA_A_1QFQ_8_PROT_B,-12.12,train,train,test,train,train
1QFQ_9_RNA_A_1QFQ_9_PROT_B,-12.12,train,train,test,train,train
1RKJ_0_RNA_B_1RKJ_0_PROT_A,-7.99,train,test,train,train,train
1RKJ_10_RNA_B_1RKJ_10_PROT_A,-7.99,train,test,train,train,train
1RKJ_11_RNA_B_1RKJ_11_PROT_A,-7.99,train,test,train,train,train
1RKJ_12_RNA_B_1RKJ_12_PROT_A,-7.99,train,test,train,train,train
1RKJ_13_RNA_B_1RKJ_13_PROT_A,-7.99,train,test,train,train,train
1RKJ_1_RNA_B_1RKJ_1_PROT_A,-7.99,train,test,train,train,train
1RKJ_2_RNA_B_1RKJ_2_PROT_A,-7.99,train,test,train,train,train
1RKJ_3_RNA_B_1RKJ_3_PROT_A,-7.99,train,test,train,train,train
1RKJ_4_RNA_B_1RKJ_4_PROT_A,-7.99,train,test,train,train,train
1RKJ_5_RNA_B_1RKJ_5_PROT_A,-7.99,train,test,train,train,train
1RKJ_6_RNA_B_1RKJ_6_PROT_A,-7.99,train,test,train,train,train
1RKJ_7_RNA_B_1RKJ_7_PROT_A,-7.99,train,test,train,train,train
1RKJ_8_RNA_B_1RKJ_8_PROT_A,-7.99,train,test,train,train,train
1RKJ_9_RNA_B_1RKJ_9_PROT_A,-7.99,train,test,train,train,train
1RLG_0_RNA_C_1RLG_0_PROT_A,-10.52,train,train,test,train,train
1S03_0_RNA_A_1S03_0_PROT_H,-9.73,test,train,train,train,train
1U63_0_RNA_B_1U63_0_PROT_A,-12.659,train,train,train,test,train
1WSU_0_RNA_E_1WSU_0_PROT_A,-8.18,train,train,test,train,train
1WWD_0_RNA_B_1WWD_0_PROT_A,-9.15,train,train,train,test,train
1WWD_10_RNA_B_1WWD_10_PROT_A,-9.15,train,train,train,test,train
1WWD_11_RNA_B_1WWD_11_PROT_A,-9.15,train,train,train,test,train
1WWD_12_RNA_B_1WWD_12_PROT_A,-9.15,train,train,train,test,train
1WWD_13_RNA_B_1WWD_13_PROT_A,-9.15,train,train,train,test,train
1WWD_14_RNA_B_1WWD_14_PROT_A,-9.15,train,train,train,test,train
1WWD_15_RNA_B_1WWD_15_PROT_A,-9.15,train,train,train,test,train
1WWD_16_RNA_B_1WWD_16_PROT_A,-9.15,train,train,train,test,train
1WWD_17_RNA_B_1WWD_17_PROT_A,-9.15,train,train,train,test,train
1WWD_18_RNA_B_1WWD_18_PROT_A,-9.15,train,train,train,test,train
1WWD_19_RNA_B_1WWD_19_PROT_A,-9.15,train,train,train,test,train
1WWD_1_RNA_B_1WWD_1_PROT_A,-9.15,train,train,train,test,train
1WWD_2_RNA_B_1WWD_2_PROT_A,-9.15,train,train,train,test,train
1WWD_3_RNA_B_1WWD_3_PROT_A,-9.15,train,train,train,test,train
1WWD_4_RNA_B_1WWD_4_PROT_A,-9.15,train,train,train,test,train
1WWD_5_RNA_B_1WWD_5_PROT_A,-9.15,train,train,train,test,train
1WWD_6_RNA_B_1WWD_6_PROT_A,-9.15,train,train,train,test,train
1WWD_7_RNA_B_1WWD_7_PROT_A,-9.15,train,train,train,test,train
1WWD_8_RNA_B_1WWD_8_PROT_A,-9.15,train,train,train,test,train
1WWD_9_RNA_B_1WWD_9_PROT_A,-9.15,train,train,train,test,train
1WWE_0_RNA_B_1WWE_0_PROT_A,-9.23,train,train,train,test,train
1WWE_10_RNA_B_1WWE_10_PROT_A,-9.23,train,train,train,test,train
1WWE_11_RNA_B_1WWE_11_PROT_A,-9.23,train,train,train,test,train
1WWE_12_RNA_B_1WWE_12_PROT_A,-9.23,train,train,train,test,train
1WWE_13_RNA_B_1WWE_13_PROT_A,-9.23,train,train,train,test,train
1WWE_14_RNA_B_1WWE_14_PROT_A,-9.23,train,train,train,test,train
1WWE_15_RNA_B_1WWE_15_PROT_A,-9.23,train,train,train,test,train
1WWE_16_RNA_B_1WWE_16_PROT_A,-9.23,train,train,train,test,train
1WWE_17_RNA_B_1WWE_17_PROT_A,-9.23,train,train,train,test,train
1WWE_18_RNA_B_1WWE_18_PROT_A,-9.23,train,train,train,test,train
1WWE_19_RNA_B_1WWE_19_PROT_A,-9.23,train,train,train,test,train
1WWE_1_RNA_B_1WWE_1_PROT_A,-9.23,train,train,train,test,train
1WWE_2_RNA_B_1WWE_2_PROT_A,-9.23,train,train,train,test,train
1WWE_3_RNA_B_1WWE_3_PROT_A,-9.23,train,train,train,test,train
1WWE_4_RNA_B_1WWE_4_PROT_A,-9.23,train,train,train,test,train
1WWE_5_RNA_B_1WWE_5_PROT_A,-9.23,train,train,train,test,train
1WWE_6_RNA_B_1WWE_6_PROT_A,-9.23,train,train,train,test,train
1WWE_7_RNA_B_1WWE_7_PROT_A,-9.23,train,train,train,test,train
1WWE_8_RNA_B_1WWE_8_PROT_A,-9.23,train,train,train,test,train
1WWE_9_RNA_B_1WWE_9_PROT_A,-9.23,train,train,train,test,train
1WWF_0_RNA_B_1WWF_0_PROT_A,-9.581,train,train,train,test,train
1WWF_10_RNA_B_1WWF_10_PROT_A,-9.581,train,train,train,test,train
1WWF_11_RNA_B_1WWF_11_PROT_A,-9.581,train,train,train,test,train
1WWF_12_RNA_B_1WWF_12_PROT_A,-9.581,train,train,train,test,train
1WWF_13_RNA_B_1WWF_13_PROT_A,-9.581,train,train,train,test,train
1WWF_14_RNA_B_1WWF_14_PROT_A,-9.581,train,train,train,test,train
1WWF_15_RNA_B_1WWF_15_PROT_A,-9.581,train,train,train,test,train
1WWF_16_RNA_B_1WWF_16_PROT_A,-9.581,train,train,train,test,train
1WWF_17_RNA_B_1WWF_17_PROT_A,-9.581,train,train,train,test,train
1WWF_18_RNA_B_1WWF_18_PROT_A,-9.581,train,train,train,test,train
1WWF_19_RNA_B_1WWF_19_PROT_A,-9.581,train,train,train,test,train
1WWF_1_RNA_B_1WWF_1_PROT_A,-9.581,train,train,train,test,train
1WWF_2_RNA_B_1WWF_2_PROT_A,-9.581,train,train,train,test,train
1WWF_3_RNA_B_1WWF_3_PROT_A,-9.581,train,train,train,test,train
1WWF_4_RNA_B_1WWF_4_PROT_A,-9.581,train,train,train,test,train
1WWF_5_RNA_B_1WWF_5_PROT_A,-9.581,train,train,train,test,train
1WWF_6_RNA_B_1WWF_6_PROT_A,-9.581,train,train,train,test,train
1WWF_7_RNA_B_1WWF_7_PROT_A,-9.581,train,train,train,test,train
1WWF_8_RNA_B_1WWF_8_PROT_A,-9.581,train,train,train,test,train
1WWF_9_RNA_B_1WWF_9_PROT_A,-9.581,train,train,train,test,train
1WWG_0_RNA_B_1WWG_0_PROT_A,-9.575,train,train,train,test,train
1WWG_10_RNA_B_1WWG_10_PROT_A,-9.575,train,train,train,test,train
1WWG_11_RNA_B_1WWG_11_PROT_A,-9.575,train,train,train,test,train
1WWG_12_RNA_B_1WWG_12_PROT_A,-9.575,train,train,train,test,train
1WWG_13_RNA_B_1WWG_13_PROT_A,-9.575,train,train,train,test,train
1WWG_14_RNA_B_1WWG_14_PROT_A,-9.575,train,train,train,test,train
1WWG_15_RNA_B_1WWG_15_PROT_A,-9.575,train,train,train,test,train
1WWG_16_RNA_B_1WWG_16_PROT_A,-9.575,train,train,train,test,train
1WWG_17_RNA_B_1WWG_17_PROT_A,-9.575,train,train,train,test,train
1WWG_18_RNA_B_1WWG_18_PROT_A,-9.575,train,train,train,test,train
1WWG_19_RNA_B_1WWG_19_PROT_A,-9.575,train,train,train,test,train
1WWG_1_RNA_B_1WWG_1_PROT_A,-9.575,train,train,train,test,train
1WWG_2_RNA_B_1WWG_2_PROT_A,-9.575,train,train,train,test,train
1WWG_3_RNA_B_1WWG_3_PROT_A,-9.575,train,train,train,test,train
1WWG_4_RNA_B_1WWG_4_PROT_A,-9.575,train,train,train,test,train
1WWG_5_RNA_B_1WWG_5_PROT_A,-9.575,train,train,train,test,train
1WWG_6_RNA_B_1WWG_6_PROT_A,-9.575,train,train,train,test,train
1WWG_7_RNA_B_1WWG_7_PROT_A,-9.575,train,train,train,test,train
1WWG_8_RNA_B_1WWG_8_PROT_A,-9.575,train,train,train,test,train
1WWG_9_RNA_B_1WWG_9_PROT_A,-9.575,train,train,train,test,train
1Y39_0_RNA_C_1Y39_0_PROT_A,-6.87,test,train,train,train,train
1YTY_0_RNA_C_1YTY_0_PROT_A,-11.12,train,test,train,train,train
1ZH5_0_RNA_D_1ZH5_0_PROT_A,-11.119,train,test,train,train,train
1ZHO_0_RNA_B_1ZHO_0_PROT_A,-10.26,train,train,test,train,train
2A9X_0_RNA_2_2A9X_0_PROT_1,-9.304,train,train,train,test,train
2A9X_1_RNA_2_2A9X_1_PROT_1,-9.304,train,train,train,test,train
2A9X_2_RNA_2_2A9X_2_PROT_1,-9.304,train,train,train,test,train
2A9X_3_RNA_2_2A9X_3_PROT_1,-9.304,train,train,train,test,train
2A9X_4_RNA_2_2A9X_4_PROT_1,-9.304,train,train,train,test,train
2A9X_5_RNA_2_2A9X_5_PROT_1,-9.304,train,train,train,test,train
2A9X_6_RNA_2_2A9X_6_PROT_1,-9.304,train,train,train,test,train
2A9X_7_RNA_2_2A9X_7_PROT_1,-9.304,train,train,train,test,train
2A9X_8_RNA_2_2A9X_8_PROT_1,-9.304,train,train,train,test,train
2A9X_9_RNA_2_2A9X_9_PROT_1,-9.304,train,train,train,test,train
2ANN_0_RNA_B_2ANN_0_PROT_A,-8.7,train,train,train,train,test
2B6G_0_RNA_B_2B6G_0_PROT_A,-10.26,test,train,train,train,train
2C4R_0_RNA_R_2C4R_0_PROT_L,-9.5,train,train,train,test,train
2F8K_0_RNA_B_2F8K_0_PROT_A,-10.37,test,train,train,train,train
2G4B_0_RNA_B_2G4B_0_PROT_A,-7.833,train,test,train,train,train
2HGH_0_RNA_B_2HGH_0_PROT_A,-11.04,train,train,train,train,test
2HGH_10_RNA_B_2HGH_10_PROT_A,-11.04,train,train,train,train,test
2HGH_11_RNA_B_2HGH_11_PROT_A,-11.04,train,train,train,train,test
2HGH_12_RNA_B_2HGH_12_PROT_A,-11.04,train,train,train,train,test
2HGH_13_RNA_B_2HGH_13_PROT_A,-11.04,train,train,train,train,test
2HGH_14_RNA_B_2HGH_14_PROT_A,-11.04,train,train,train,train,test
2HGH_15_RNA_B_2HGH_15_PROT_A,-11.04,train,train,train,train,test
2HGH_16_RNA_B_2HGH_16_PROT_A,-11.04,train,train,train,train,test
2HGH_17_RNA_B_2HGH_17_PROT_A,-11.04,train,train,train,train,test
2HGH_18_RNA_B_2HGH_18_PROT_A,-11.04,train,train,train,train,test
2HGH_19_RNA_B_2HGH_19_PROT_A,-11.04,train,train,train,train,test
2HGH_1_RNA_B_2HGH_1_PROT_A,-11.04,train,train,train,train,test
2HGH_2_RNA_B_2HGH_2_PROT_A,-11.04,train,train,train,train,test
2HGH_3_RNA_B_2HGH_3_PROT_A,-11.04,train,train,train,train,test
2HGH_4_RNA_B_2HGH_4_PROT_A,-11.04,train,train,train,train,test
2HGH_5_RNA_B_2HGH_5_PROT_A,-11.04,train,train,train,train,test
2HGH_6_RNA_B_2HGH_6_PROT_A,-11.04,train,train,train,train,test
2HGH_7_RNA_B_2HGH_7_PROT_A,-11.04,train,train,train,train,test
2HGH_8_RNA_B_2HGH_8_PROT_A,-11.04,train,train,train,train,test
2HGH_9_RNA_B_2HGH_9_PROT_A,-11.04,train,train,train,train,test
2IX1_0_RNA_B_2IX1_0_PROT_A,-10.38,train,train,train,train,test
2KFY_0_RNA_B_2KFY_0_PROT_A,-8.84,train,test,train,train,train
2KFY_10_RNA_B_2KFY_10_PROT_A,-8.84,train,test,train,train,train
2KFY_11_RNA_B_2KFY_11_PROT_A,-8.84,train,test,train,train,train
2KFY_12_RNA_B_2KFY_12_PROT_A,-8.84,train,test,train,train,train
2KFY_13_RNA_B_2KFY_13_PROT_A,-8.84,train,test,train,train,train
2KFY_14_RNA_B_2KFY_14_PROT_A,-8.84,train,test,train,train,train
2KFY_15_RNA_B_2KFY_15_PROT_A,-8.84,train,test,train,train,train
2KFY_16_RNA_B_2KFY_16_PROT_A,-8.84,train,test,train,train,train
2KFY_17_RNA_B_2KFY_17_PROT_A,-8.84,train,test,train,train,train
2KFY_18_RNA_B_2KFY_18_PROT_A,-8.84,train,test,train,train,train
2KFY_19_RNA_B_2KFY_19_PROT_A,-8.84,train,test,train,train,train
2KFY_1_RNA_B_2KFY_1_PROT_A,-8.84,train,test,train,train,train
2KFY_2_RNA_B_2KFY_2_PROT_A,-8.84,train,test,train,train,train
2KFY_3_RNA_B_2KFY_3_PROT_A,-8.84,train,test,train,train,train
2KFY_4_RNA_B_2KFY_4_PROT_A,-8.84,train,test,train,train,train
2KFY_5_RNA_B_2KFY_5_PROT_A,-8.84,train,test,train,train,train
2KFY_6_RNA_B_2KFY_6_PROT_A,-8.84,train,test,train,train,train
2KFY_7_RNA_B_2KFY_7_PROT_A,-8.84,train,test,train,train,train
2KFY_8_RNA_B_2KFY_8_PROT_A,-8.84,train,test,train,train,train
2KFY_9_RNA_B_2KFY_9_PROT_A,-8.84,train,test,train,train,train
2KG0_0_RNA_B_2KG0_0_PROT_A,-7.4,train,train,train,test,train
2KG0_10_RNA_B_2KG0_10_PROT_A,-7.4,train,train,train,test,train
2KG0_11_RNA_B_2KG0_11_PROT_A,-7.4,train,train,train,test,train
2KG0_12_RNA_B_2KG0_12_PROT_A,-7.4,train,train,train,test,train
2KG0_13_RNA_B_2KG0_13_PROT_A,-7.4,train,train,train,test,train
2KG0_14_RNA_B_2KG0_14_PROT_A,-7.4,train,train,train,test,train
2KG0_15_RNA_B_2KG0_15_PROT_A,-7.4,train,train,train,test,train
2KG0_16_RNA_B_2KG0_16_PROT_A,-7.4,train,train,train,test,train
2KG0_17_RNA_B_2KG0_17_PROT_A,-7.4,train,train,train,test,train
2KG0_18_RNA_B_2KG0_18_PROT_A,-7.4,train,train,train,test,train
2KG0_19_RNA_B_2KG0_19_PROT_A,-7.4,train,train,train,test,train
2KG0_1_RNA_B_2KG0_1_PROT_A,-7.4,train,train,train,test,train
2KG0_2_RNA_B_2KG0_2_PROT_A,-7.4,train,train,train,test,train
2KG0_3_RNA_B_2KG0_3_PROT_A,-7.4,train,train,train,test,train
2KG0_4_RNA_B_2KG0_4_PROT_A,-7.4,train,train,train,test,train
2KG0_5_RNA_B_2KG0_5_PROT_A,-7.4,train,train,train,test,train
2KG0_6_RNA_B_2KG0_6_PROT_A,-7.4,train,train,train,test,train
2KG0_7_RNA_B_2KG0_7_PROT_A,-7.4,train,train,train,test,train
2KG0_8_RNA_B_2KG0_8_PROT_A,-7.4,train,train,train,test,train
2KG0_9_RNA_B_2KG0_9_PROT_A,-7.4,train,train,train,test,train
2KG1_0_RNA_B_2KG1_0_PROT_A,-8.84,train,train,test,train,train
2KG1_10_RNA_B_2KG1_10_PROT_A,-8.84,train,train,test,train,train
2KG1_11_RNA_B_2KG1_11_PROT_A,-8.84,train,train,test,train,train
2KG1_12_RNA_B_2KG1_12_PROT_A,-8.84,train,train,test,train,train
2KG1_13_RNA_B_2KG1_13_PROT_A,-8.84,train,train,test,train,train
2KG1_14_RNA_B_2KG1_14_PROT_A,-8.84,train,train,test,train,train
2KG1_15_RNA_B_2KG1_15_PROT_A,-8.84,train,train,test,train,train
2KG1_16_RNA_B_2KG1_16_PROT_A,-8.84,train,train,test,train,train
2KG1_17_RNA_B_2KG1_17_PROT_A,-8.84,train,train,test,train,train
2KG1_18_RNA_B_2KG1_18_PROT_A,-8.84,train,train,test,train,train
2KG1_19_RNA_B_2KG1_19_PROT_A,-8.84,train,train,test,train,train
2KG1_1_RNA_B_2KG1_1_PROT_A,-8.84,train,train,test,train,train
2KG1_2_RNA_B_2KG1_2_PROT_A,-8.84,train,train,test,train,train
2KG1_3_RNA_B_2KG1_3_PROT_A,-8.84,train,train,test,train,train
2KG1_4_RNA_B_2KG1_4_PROT_A,-8.84,train,train,test,train,train
2KG1_5_RNA_B_2KG1_5_PROT_A,-8.84,train,train,test,train,train
2KG1_6_RNA_B_2KG1_6_PROT_A,-8.84,train,train,test,train,train
2KG1_7_RNA_B_2KG1_7_PROT_A,-8.84,train,train,test,train,train
2KG1_8_RNA_B_2KG1_8_PROT_A,-8.84,train,train,test,train,train
2KG1_9_RNA_B_2KG1_9_PROT_A,-8.84,train,train,test,train,train
2KX5_0_RNA_A_2KX5_0_PROT_B,-12.271,train,test,train,train,train
2KX5_1_RNA_A_2KX5_1_PROT_B,-12.271,train,test,train,train,train
2KX5_2_RNA_A_2KX5_2_PROT_B,-12.271,train,test,train,train,train
2KX5_3_RNA_A_2KX5_3_PROT_B,-12.271,train,test,train,train,train
2KX5_4_RNA_A_2KX5_4_PROT_B,-12.271,train,test,train,train,train
2KX5_5_RNA_A_2KX5_5_PROT_B,-12.271,train,test,train,train,train
2KX5_6_RNA_A_2KX5_6_PROT_B,-12.271,train,test,train,train,train
2KX5_7_RNA_A_2KX5_7_PROT_B,-12.271,train,test,train,train,train
2KX5_8_RNA_A_2KX5_8_PROT_B,-12.271,train,test,train,train,train
2KX5_9_RNA_A_2KX5_9_PROT_B,-12.271,train,test,train,train,train
2KXN_0_RNA_A_2KXN_0_PROT_B,-8.09,train,train,train,train,test
2KXN_10_RNA_A_2KXN_10_PROT_B,-8.09,train,train,train,train,test
2KXN_11_RNA_A_2KXN_11_PROT_B,-8.09,train,train,train,train,test
2KXN_1_RNA_A_2KXN_1_PROT_B,-8.09,train,train,train,train,test
2KXN_2_RNA_A_2KXN_2_PROT_B,-8.09,train,train,train,train,test
2KXN_3_RNA_A_2KXN_3_PROT_B,-8.09,train,train,train,train,test
2KXN_4_RNA_A_2KXN_4_PROT_B,-8.09,train,train,train,train,test
2KXN_5_RNA_A_2KXN_5_PROT_B,-8.09,train,train,train,train,test
2KXN_6_RNA_A_2KXN_6_PROT_B,-8.09,train,train,train,train,test
2KXN_7_RNA_A_2KXN_7_PROT_B,-8.09,train,train,train,train,test
2KXN_8_RNA_A_2KXN_8_PROT_B,-8.09,train,train,train,train,test
2KXN_9_RNA_A_2KXN_9_PROT_B,-8.09,train,train,train,train,test
2L2K_0_RNA_A_2L2K_0_PROT_B,-8.33,train,train,train,test,train
2L2K_10_RNA_A_2L2K_10_PROT_B,-8.33,train,train,train,test,train
2L2K_11_RNA_A_2L2K_11_PROT_B,-8.33,train,train,train,test,train
2L2K_12_RNA_A_2L2K_12_PROT_B,-8.33,train,train,train,test,train
2L2K_13_RNA_A_2L2K_13_PROT_B,-8.33,train,train,train,test,train
2L2K_14_RNA_A_2L2K_14_PROT_B,-8.33,train,train,train,test,train
2L2K_15_RNA_A_2L2K_15_PROT_B,-8.33,train,train,train,test,train
2L2K_16_RNA_A_2L2K_16_PROT_B,-8.33,train,train,train,test,train
2L2K_17_RNA_A_2L2K_17_PROT_B,-8.33,train,train,train,test,train
2L2K_18_RNA_A_2L2K_18_PROT_B,-8.33,train,train,train,test,train
2L2K_19_RNA_A_2L2K_19_PROT_B,-8.33,train,train,train,test,train
2L2K_1_RNA_A_2L2K_1_PROT_B,-8.33,train,train,train,test,train
2L2K_2_RNA_A_2L2K_2_PROT_B,-8.33,train,train,train,test,train
2L2K_3_RNA_A_2L2K_3_PROT_B,-8.33,train,train,train,test,train
2L2K_4_RNA_A_2L2K_4_PROT_B,-8.33,train,train,train,test,train
2L2K_5_RNA_A_2L2K_5_PROT_B,-8.33,train,train,train,test,train
2L2K_6_RNA_A_2L2K_6_PROT_B,-8.33,train,train,train,test,train
2L2K_7_RNA_A_2L2K_7_PROT_B,-8.33,train,train,train,test,train
2L2K_8_RNA_A_2L2K_8_PROT_B,-8.33,train,train,train,test,train
2L2K_9_RNA_A_2L2K_9_PROT_B,-8.33,train,train,train,test,train
2L3C_0_RNA_B_2L3C_0_PROT_A,-8.39,train,train,test,train,train
2L3C_10_RNA_B_2L3C_10_PROT_A,-8.39,train,train,test,train,train
2L3C_11_RNA_B_2L3C_11_PROT_A,-8.39,train,train,test,train,train
2L3C_12_RNA_B_2L3C_12_PROT_A,-8.39,train,train,test,train,train
2L3C_13_RNA_B_2L3C_13_PROT_A,-8.39,train,train,test,train,train
2L3C_14_RNA_B_2L3C_14_PROT_A,-8.39,train,train,test,train,train
2L3C_15_RNA_B_2L3C_15_PROT_A,-8.39,train,train,test,train,train
2L3C_16_RNA_B_2L3C_16_PROT_A,-8.39,train,train,test,train,train
2L3C_17_RNA_B_2L3C_17_PROT_A,-8.39,train,train,test,train,train
2L3C_18_RNA_B_2L3C_18_PROT_A,-8.39,train,train,test,train,train
2L3C_19_RNA_B_2L3C_19_PROT_A,-8.39,train,train,test,train,train
2L3C_1_RNA_B_2L3C_1_PROT_A,-8.39,train,train,test,train,train
2L3C_2_RNA_B_2L3C_2_PROT_A,-8.39,train,train,test,train,train
2L3C_3_RNA_B_2L3C_3_PROT_A,-8.39,train,train,test,train,train
2L3C_4_RNA_B_2L3C_4_PROT_A,-8.39,train,train,test,train,train
2L3C_5_RNA_B_2L3C_5_PROT_A,-8.39,train,train,test,train,train
2L3C_6_RNA_B_2L3C_6_PROT_A,-8.39,train,train,test,train,train
2L3C_7_RNA_B_2L3C_7_PROT_A,-8.39,train,train,test,train,train
2L3C_8_RNA_B_2L3C_8_PROT_A,-8.39,train,train,test,train,train
2L3C_9_RNA_B_2L3C_9_PROT_A,-8.39,train,train,test,train,train
2L41_0_RNA_B_2L41_0_PROT_A,-5.88,train,test,train,train,train
2L41_10_RNA_B_2L41_10_PROT_A,-5.88,train,test,train,train,train
2L41_11_RNA_B_2L41_11_PROT_A,-5.88,train,test,train,train,train
2L41_12_RNA_B_2L41_12_PROT_A,-5.88,train,test,train,train,train
2L41_13_RNA_B_2L41_13_PROT_A,-5.88,train,test,train,train,train
2L41_14_RNA_B_2L41_14_PROT_A,-5.88,train,test,train,train,train
2L41_15_RNA_B_2L41_15_PROT_A,-5.88,train,test,train,train,train
2L41_16_RNA_B_2L41_16_PROT_A,-5.88,train,test,train,train,train
2L41_17_RNA_B_2L41_17_PROT_A,-5.88,train,test,train,train,train
2L41_18_RNA_B_2L41_18_PROT_A,-5.88,train,test,train,train,train
2L41_19_RNA_B_2L41_19_PROT_A,-5.88,train,test,train,train,train
2L41_1_RNA_B_2L41_1_PROT_A,-5.88,train,test,train,train,train
2L41_2_RNA_B_2L41_2_PROT_A,-5.88,train,test,train,train,train
2L41_3_RNA_B_2L41_3_PROT_A,-5.88,train,test,train,train,train
2L41_4_RNA_B_2L41_4_PROT_A,-5.88,train,test,train,train,train
2L41_5_RNA_B_2L41_5_PROT_A,-5.88,train,test,train,train,train
2L41_6_RNA_B_2L41_6_PROT_A,-5.88,train,test,train,train,train
2L41_7_RNA_B_2L41_7_PROT_A,-5.88,train,test,train,train,train
2L41_8_RNA_B_2L41_8_PROT_A,-5.88,train,test,train,train,train
2L41_9_RNA_B_2L41_9_PROT_A,-5.88,train,test,train,train,train
2LA5_0_RNA_A_2LA5_0_PROT_B,-11.481,train,test,train,train,train
2LA5_1_RNA_A_2LA5_1_PROT_B,-11.481,train,test,train,train,train
2LA5_2_RNA_A_2LA5_2_PROT_B,-11.481,train,test,train,train,train
2LA5_3_RNA_A_2LA5_3_PROT_B,-11.481,train,test,train,train,train
2LA5_4_RNA_A_2LA5_4_PROT_B,-11.481,train,test,train,train,train
2LA5_5_RNA_A_2LA5_5_PROT_B,-11.481,train,test,train,train,train
2LA5_6_RNA_A_2LA5_6_PROT_B,-11.481,train,test,train,train,train
2LA5_7_RNA_A_2LA5_7_PROT_B,-11.481,train,test,train,train,train
2LA5_8_RNA_A_2LA5_8_PROT_B,-11.481,train,test,train,train,train
2LA5_9_RNA_A_2LA5_9_PROT_B,-11.481,train,test,train,train,train
2LBS_0_RNA_A_2LBS_0_PROT_B,-6.09,test,train,train,train,train
2LBS_10_RNA_A_2LBS_10_PROT_B,-6.09,test,train,train,train,train
2LBS_11_RNA_A_2LBS_11_PROT_B,-6.09,test,train,train,train,train
2LBS_12_RNA_A_2LBS_12_PROT_B,-6.09,test,train,train,train,train
2LBS_13_RNA_A_2LBS_13_PROT_B,-6.09,test,train,train,train,train
2LBS_14_RNA_A_2LBS_14_PROT_B,-6.09,test,train,train,train,train
2LBS_15_RNA_A_2LBS_15_PROT_B,-6.09,test,train,train,train,train
2LBS_1_RNA_A_2LBS_1_PROT_B,-6.09,test,train,train,train,train
2LBS_2_RNA_A_2LBS_2_PROT_B,-6.09,test,train,train,train,train
2LBS_3_RNA_A_2LBS_3_PROT_B,-6.09,test,train,train,train,train
2LBS_4_RNA_A_2LBS_4_PROT_B,-6.09,test,train,train,train,train
2LBS_5_RNA_A_2LBS_5_PROT_B,-6.09,test,train,train,train,train
2LBS_6_RNA_A_2LBS_6_PROT_B,-6.09,test,train,train,train,train
2LBS_7_RNA_A_2LBS_7_PROT_B,-6.09,test,train,train,train,train
2LBS_8_RNA_A_2LBS_8_PROT_B,-6.09,test,train,train,train,train
2LBS_9_RNA_A_2LBS_9_PROT_B,-6.09,test,train,train,train,train
2LEB_0_RNA_B_2LEB_0_PROT_A,-9.32,train,train,test,train,train
2LEB_10_RNA_B_2LEB_10_PROT_A,-9.32,train,train,test,train,train
2LEB_11_RNA_B_2LEB_11_PROT_A,-9.32,train,train,test,train,train
2LEB_12_RNA_B_2LEB_12_PROT_A,-9.32,train,train,test,train,train
2LEB_13_RNA_B_2LEB_13_PROT_A,-9.32,train,train,test,train,train
2LEB_14_RNA_B_2LEB_14_PROT_A,-9.32,train,train,test,train,train
2LEB_15_RNA_B_2LEB_15_PROT_A,-9.32,train,train,test,train,train
2LEB_16_RNA_B_2LEB_16_PROT_A,-9.32,train,train,test,train,train
2LEB_17_RNA_B_2LEB_17_PROT_A,-9.32,train,train,test,train,train
2LEB_18_RNA_B_2LEB_18_PROT_A,-9.32,train,train,test,train,train
2LEB_19_RNA_B_2LEB_19_PROT_A,-9.32,train,train,test,train,train
2LEB_1_RNA_B_2LEB_1_PROT_A,-9.32,train,train,test,train,train
2LEB_2_RNA_B_2LEB_2_PROT_A,-9.32,train,train,test,train,train
2LEB_3_RNA_B_2LEB_3_PROT_A,-9.32,train,train,test,train,train
2LEB_4_RNA_B_2LEB_4_PROT_A,-9.32,train,train,test,train,train
2LEB_5_RNA_B_2LEB_5_PROT_A,-9.32,train,train,test,train,train
2LEB_6_RNA_B_2LEB_6_PROT_A,-9.32,train,train,test,train,train
2LEB_7_RNA_B_2LEB_7_PROT_A,-9.32,train,train,test,train,train
2LEB_8_RNA_B_2LEB_8_PROT_A,-9.32,train,train,test,train,train
2LEB_9_RNA_B_2LEB_9_PROT_A,-9.32,train,train,test,train,train
2LEC_0_RNA_B_2LEC_0_PROT_A,-9.078,train,train,test,train,train
2LEC_10_RNA_B_2LEC_10_PROT_A,-9.078,train,train,test,train,train
2LEC_11_RNA_B_2LEC_11_PROT_A,-9.078,train,train,test,train,train
2LEC_12_RNA_B_2LEC_12_PROT_A,-9.078,train,train,test,train,train
2LEC_13_RNA_B_2LEC_13_PROT_A,-9.078,train,train,test,train,train
2LEC_14_RNA_B_2LEC_14_PROT_A,-9.078,train,train,test,train,train
2LEC_15_RNA_B_2LEC_15_PROT_A,-9.078,train,train,test,train,train
2LEC_16_RNA_B_2LEC_16_PROT_A,-9.078,train,train,test,train,train
2LEC_17_RNA_B_2LEC_17_PROT_A,-9.078,train,train,test,train,train
2LEC_18_RNA_B_2LEC_18_PROT_A,-9.078,train,train,test,train,train
2LEC_19_RNA_B_2LEC_19_PROT_A,-9.078,train,train,test,train,train
2LEC_1_RNA_B_2LEC_1_PROT_A,-9.078,train,train,test,train,train
2LEC_2_RNA_B_2LEC_2_PROT_A,-9.078,train,train,test,train,train
2LEC_3_RNA_B_2LEC_3_PROT_A,-9.078,train,train,test,train,train
2LEC_4_RNA_B_2LEC_4_PROT_A,-9.078,train,train,test,train,train
2LEC_5_RNA_B_2LEC_5_PROT_A,-9.078,train,train,test,train,train
2LEC_6_RNA_B_2LEC_6_PROT_A,-9.078,train,train,test,train,train
2LEC_7_RNA_B_2LEC_7_PROT_A,-9.078,train,train,test,train,train
2LEC_8_RNA_B_2LEC_8_PROT_A,-9.078,train,train,test,train,train
2LEC_9_RNA_B_2LEC_9_PROT_A,-9.078,train,train,test,train,train
2LI8_0_RNA_B_2LI8_0_PROT_A,-8.92,train,test,train,train,train
2LI8_10_RNA_B_2LI8_10_PROT_A,-8.92,train,test,train,train,train
2LI8_11_RNA_B_2LI8_11_PROT_A,-8.92,train,test,train,train,train
2LI8_12_RNA_B_2LI8_12_PROT_A,-8.92,train,test,train,train,train
2LI8_13_RNA_B_2LI8_13_PROT_A,-8.92,train,test,train,train,train
2LI8_14_RNA_B_2LI8_14_PROT_A,-8.92,train,test,train,train,train
2LI8_15_RNA_B_2LI8_15_PROT_A,-8.92,train,test,train,train,train
2LI8_16_RNA_B_2LI8_16_PROT_A,-8.92,train,test,train,train,train
2LI8_17_RNA_B_2LI8_17_PROT_A,-8.92,train,test,train,train,train
2LI8_18_RNA_B_2LI8_18_PROT_A,-8.92,train,test,train,train,train
2LI8_19_RNA_B_2LI8_19_PROT_A,-8.92,train,test,train,train,train
2LI8_1_RNA_B_2LI8_1_PROT_A,-8.92,train,test,train,train,train
2LI8_2_RNA_B_2LI8_2_PROT_A,-8.92,train,test,train,train,train
2LI8_3_RNA_B_2LI8_3_PROT_A,-8.92,train,test,train,train,train
2LI8_4_RNA_B_2LI8_4_PROT_A,-8.92,train,test,train,train,train
2LI8_5_RNA_B_2LI8_5_PROT_A,-8.92,train,test,train,train,train
2LI8_6_RNA_B_2LI8_6_PROT_A,-8.92,train,test,train,train,train
2LI8_7_RNA_B_2LI8_7_PROT_A,-8.92,train,test,train,train,train
2LI8_8_RNA_B_2LI8_8_PROT_A,-8.92,train,test,train,train,train
2LI8_9_RNA_B_2LI8_9_PROT_A,-8.92,train,test,train,train,train
2LUP_0_RNA_A_2LUP_0_PROT_B,-6.091,test,train,train,train,train
2LUP_10_RNA_A_2LUP_10_PROT_B,-6.091,test,train,train,train,train
2LUP_11_RNA_A_2LUP_11_PROT_B,-6.091,test,train,train,train,train
2LUP_12_RNA_A_2LUP_12_PROT_B,-6.091,test,train,train,train,train
2LUP_13_RNA_A_2LUP_13_PROT_B,-6.091,test,train,train,train,train
2LUP_14_RNA_A_2LUP_14_PROT_B,-6.091,test,train,train,train,train
2LUP_15_RNA_A_2LUP_15_PROT_B,-6.091,test,train,train,train,train
2LUP_1_RNA_A_2LUP_1_PROT_B,-6.091,test,train,train,train,train
2LUP_2_RNA_A_2LUP_2_PROT_B,-6.091,test,train,train,train,train
2LUP_3_RNA_A_2LUP_3_PROT_B,-6.091,test,train,train,train,train
2LUP_4_RNA_A_2LUP_4_PROT_B,-6.091,test,train,train,train,train
2LUP_5_RNA_A_2LUP_5_PROT_B,-6.091,test,train,train,train,train
2LUP_6_RNA_A_2LUP_6_PROT_B,-6.091,test,train,train,train,train
2LUP_7_RNA_A_2LUP_7_PROT_B,-6.091,test,train,train,train,train
2LUP_8_RNA_A_2LUP_8_PROT_B,-6.091,test,train,train,train,train
2LUP_9_RNA_A_2LUP_9_PROT_B,-6.091,test,train,train,train,train
2M8D_0_RNA_A_2M8D_0_PROT_B,-8.73,train,train,train,train,test
2M8D_10_RNA_A_2M8D_10_PROT_B,-8.73,train,train,train,train,test
2M8D_11_RNA_A_2M8D_11_PROT_B,-8.73,train,train,train,train,test
2M8D_12_RNA_A_2M8D_12_PROT_B,-8.73,train,train,train,train,test
2M8D_13_RNA_A_2M8D_13_PROT_B,-8.73,train,train,train,train,test
2M8D_14_RNA_A_2M8D_14_PROT_B,-8.73,train,train,train,train,test
2M8D_15_RNA_A_2M8D_15_PROT_B,-8.73,train,train,train,train,test
2M8D_1_RNA_A_2M8D_1_PROT_B,-8.73,train,train,train,train,test
2M8D_2_RNA_A_2M8D_2_PROT_B,-8.73,train,train,train,train,test
2M8D_3_RNA_A_2M8D_3_PROT_B,-8.73,train,train,train,train,test
2M8D_4_RNA_A_2M8D_4_PROT_B,-8.73,train,train,train,train,test
2M8D_5_RNA_A_2M8D_5_PROT_B,-8.73,train,train,train,train,test
2M8D_6_RNA_A_2M8D_6_PROT_B,-8.73,train,train,train,train,test
2M8D_7_RNA_A_2M8D_7_PROT_B,-8.73,train,train,train,train,test
2M8D_8_RNA_A_2M8D_8_PROT_B,-8.73,train,train,train,train,test
2M8D_9_RNA_A_2M8D_9_PROT_B,-8.73,train,train,train,train,test
2MB0_0_RNA_A_2MB0_0_PROT_B,-6.469,train,train,train,train,test
2MB0_10_RNA_A_2MB0_10_PROT_B,-6.469,train,train,train,train,test
2MB0_11_RNA_A_2MB0_11_PROT_B,-6.469,train,train,train,train,test
2MB0_12_RNA_A_2MB0_12_PROT_B,-6.469,train,train,train,train,test
2MB0_13_RNA_A_2MB0_13_PROT_B,-6.469,train,train,train,train,test
2MB0_14_RNA_A_2MB0_14_PROT_B,-6.469,train,train,train,train,test
2MB0_15_RNA_A_2MB0_15_PROT_B,-6.469,train,train,train,train,test
2MB0_16_RNA_A_2MB0_16_PROT_B,-6.469,train,train,train,train,test
2MB0_17_RNA_A_2MB0_17_PROT_B,-6.469,train,train,train,train,test
2MB0_18_RNA_A_2MB0_18_PROT_B,-6.469,train,train,train,train,test
2MB0_19_RNA_A_2MB0_19_PROT_B,-6.469,train,train,train,train,test
2MB0_1_RNA_A_2MB0_1_PROT_B,-6.469,train,train,train,train,test
2MB0_2_RNA_A_2MB0_2_PROT_B,-6.469,train,train,train,train,test
2MB0_3_RNA_A_2MB0_3_PROT_B,-6.469,train,train,train,train,test
2MB0_4_RNA_A_2MB0_4_PROT_B,-6.469,train,train,train,train,test
2MB0_5_RNA_A_2MB0_5_PROT_B,-6.469,train,train,train,train,test
2MB0_6_RNA_A_2MB0_6_PROT_B,-6.469,train,train,train,train,test
2MB0_7_RNA_A_2MB0_7_PROT_B,-6.469,train,train,train,train,test
2MB0_8_RNA_A_2MB0_8_PROT_B,-6.469,train,train,train,train,test
2MB0_9_RNA_A_2MB0_9_PROT_B,-6.469,train,train,train,train,test
2MJH_0_RNA_B_2MJH_0_PROT_A,-9.837,test,train,train,train,train
2MJH_10_RNA_B_2MJH_10_PROT_A,-9.837,test,train,train,train,train
2MJH_11_RNA_B_2MJH_11_PROT_A,-9.837,test,train,train,train,train
2MJH_12_RNA_B_2MJH_12_PROT_A,-9.837,test,train,train,train,train
2MJH_13_RNA_B_2MJH_13_PROT_A,-9.837,test,train,train,train,train
2MJH_14_RNA_B_2MJH_14_PROT_A,-9.837,test,train,train,train,train
2MJH_15_RNA_B_2MJH_15_PROT_A,-9.837,test,train,train,train,train
2MJH_16_RNA_B_2MJH_16_PROT_A,-9.837,test,train,train,train,train
2MJH_17_RNA_B_2MJH_17_PROT_A,-9.837,test,train,train,train,train
2MJH_18_RNA_B_2MJH_18_PROT_A,-9.837,test,train,train,train,train
2MJH_19_RNA_B_2MJH_19_PROT_A,-9.837,test,train,train,train,train
2MJH_1_RNA_B_2MJH_1_PROT_A,-9.837,test,train,train,train,train
2MJH_2_RNA_B_2MJH_2_PROT_A,-9.837,test,train,train,train,train
2MJH_3_RNA_B_2MJH_3_PROT_A,-9.837,test,train,train,train,train
2MJH_4_RNA_B_2MJH_4_PROT_A,-9.837,test,train,train,train,train
2MJH_5_RNA_B_2MJH_5_PROT_A,-9.837,test,train,train,train,train
2MJH_6_RNA_B_2MJH_6_PROT_A,-9.837,test,train,train,train,train
2MJH_7_RNA_B_2MJH_7_PROT_A,-9.837,test,train,train,train,train
2MJH_8_RNA_B_2MJH_8_PROT_A,-9.837,test,train,train,train,train
2MJH_9_RNA_B_2MJH_9_PROT_A,-9.837,test,train,train,train,train
2MKI_0_RNA_B_2MKI_0_PROT_A,-9.63,train,train,train,test,train
2MKI_10_RNA_B_2MKI_10_PROT_A,-9.63,train,train,train,test,train
2MKI_11_RNA_B_2MKI_11_PROT_A,-9.63,train,train,train,test,train
2MKI_12_RNA_B_2MKI_12_PROT_A,-9.63,train,train,train,test,train
2MKI_13_RNA_B_2MKI_13_PROT_A,-9.63,train,train,train,test,train
2MKI_14_RNA_B_2MKI_14_PROT_A,-9.63,train,train,train,test,train
2MKI_15_RNA_B_2MKI_15_PROT_A,-9.63,train,train,train,test,train
2MKI_16_RNA_B_2MKI_16_PROT_A,-9.63,train,train,train,test,train
2MKI_17_RNA_B_2MKI_17_PROT_A,-9.63,train,train,train,test,train
2MKI_18_RNA_B_2MKI_18_PROT_A,-9.63,train,train,train,test,train
2MKI_19_RNA_B_2MKI_19_PROT_A,-9.63,train,train,train,test,train
2MKI_1_RNA_B_2MKI_1_PROT_A,-9.63,train,train,train,test,train
2MKI_2_RNA_B_2MKI_2_PROT_A,-9.63,train,train,train,test,train
2MKI_3_RNA_B_2MKI_3_PROT_A,-9.63,train,train,train,test,train
2MKI_4_RNA_B_2MKI_4_PROT_A,-9.63,train,train,train,test,train
2MKI_5_RNA_B_2MKI_5_PROT_A,-9.63,train,train,train,test,train
2MKI_6_RNA_B_2MKI_6_PROT_A,-9.63,train,train,train,test,train
2MKI_7_RNA_B_2MKI_7_PROT_A,-9.63,train,train,train,test,train
2MKI_8_RNA_B_2MKI_8_PROT_A,-9.63,train,train,train,test,train
2MKI_9_RNA_B_2MKI_9_PROT_A,-9.63,train,train,train,test,train
2MKK_0_RNA_B_2MKK_0_PROT_A,-7.91,train,train,test,train,train
2MKK_1_RNA_B_2MKK_1_PROT_A,-7.91,train,train,test,train,train
2MKK_2_RNA_B_2MKK_2_PROT_A,-7.91,train,train,test,train,train
2MKK_3_RNA_B_2MKK_3_PROT_A,-7.91,train,train,test,train,train
2MKK_4_RNA_B_2MKK_4_PROT_A,-7.91,train,train,test,train,train
2MKK_5_RNA_B_2MKK_5_PROT_A,-7.91,train,train,test,train,train
2MKK_6_RNA_B_2MKK_6_PROT_A,-7.91,train,train,test,train,train
2MKK_7_RNA_B_2MKK_7_PROT_A,-7.91,train,train,test,train,train
2MKK_8_RNA_B_2MKK_8_PROT_A,-7.91,train,train,test,train,train
2MKK_9_RNA_B_2MKK_9_PROT_A,-7.91,train,train,test,train,train
2MQV_0_RNA_B_2MQV_0_PROT_A,-10.201,train,train,train,test,train
2MQV_1_RNA_B_2MQV_1_PROT_A,-10.201,train,train,train,test,train
2MQV_2_RNA_B_2MQV_2_PROT_A,-10.201,train,train,train,test,train
2MQV_3_RNA_B_2MQV_3_PROT_A,-10.201,train,train,train,test,train
2MQV_4_RNA_B_2MQV_4_PROT_A,-10.201,train,train,train,test,train
2MQV_5_RNA_B_2MQV_5_PROT_A,-10.201,train,train,train,test,train
2MQV_6_RNA_B_2MQV_6_PROT_A,-10.201,train,train,train,test,train
2MQV_7_RNA_B_2MQV_7_PROT_A,-10.201,train,train,train,test,train
2MQV_8_RNA_B_2MQV_8_PROT_A,-10.201,train,train,train,test,train
2MQV_9_RNA_B_2MQV_9_PROT_A,-10.201,train,train,train,test,train
2MS1_0_RNA_B_2MS1_0_PROT_A,-11.45,train,train,train,test,train
2MS1_1_RNA_B_2MS1_1_PROT_A,-11.45,train,train,train,test,train
2MS1_2_RNA_B_2MS1_2_PROT_A,-11.45,train,train,train,test,train
2MS1_3_RNA_B_2MS1_3_PROT_A,-11.45,train,train,train,test,train
2MS1_4_RNA_B_2MS1_4_PROT_A,-11.45,train,train,train,test,train
2MS1_5_RNA_B_2MS1_5_PROT_A,-11.45,train,train,train,test,train
2MS1_6_RNA_B_2MS1_6_PROT_A,-11.45,train,train,train,test,train
2MS1_7_RNA_B_2MS1_7_PROT_A,-11.45,train,train,train,test,train
2MS1_8_RNA_B_2MS1_8_PROT_A,-11.45,train,train,train,test,train
2MS1_9_RNA_B_2MS1_9_PROT_A,-11.45,train,train,train,test,train
2MTV_0_RNA_B_2MTV_0_PROT_A,-9.527,train,test,train,train,train
2MTV_10_RNA_B_2MTV_10_PROT_A,-9.527,train,test,train,train,train
2MTV_11_RNA_B_2MTV_11_PROT_A,-9.527,train,test,train,train,train
2MTV_12_RNA_B_2MTV_12_PROT_A,-9.527,train,test,train,train,train
2MTV_13_RNA_B_2MTV_13_PROT_A,-9.527,train,test,train,train,train
2MTV_14_RNA_B_2MTV_14_PROT_A,-9.527,train,test,train,train,train
2MTV_15_RNA_B_2MTV_15_PROT_A,-9.527,train,test,train,train,train
2MTV_16_RNA_B_2MTV_16_PROT_A,-9.527,train,test,train,train,train
2MTV_17_RNA_B_2MTV_17_PROT_A,-9.527,train,test,train,train,train
2MTV_18_RNA_B_2MTV_18_PROT_A,-9.527,train,test,train,train,train
2MTV_19_RNA_B_2MTV_19_PROT_A,-9.527,train,test,train,train,train
2MTV_1_RNA_B_2MTV_1_PROT_A,-9.527,train,test,train,train,train
2MTV_2_RNA_B_2MTV_2_PROT_A,-9.527,train,test,train,train,train
2MTV_3_RNA_B_2MTV_3_PROT_A,-9.527,train,test,train,train,train
2MTV_4_RNA_B_2MTV_4_PROT_A,-9.527,train,test,train,train,train
2MTV_5_RNA_B_2MTV_5_PROT_A,-9.527,train,test,train,train,train
2MTV_6_RNA_B_2MTV_6_PROT_A,-9.527,train,test,train,train,train
2MTV_7_RNA_B_2MTV_7_PROT_A,-9.527,train,test,train,train,train
2MTV_8_RNA_B_2MTV_8_PROT_A,-9.527,train,test,train,train,train
2MTV_9_RNA_B_2MTV_9_PROT_A,-9.527,train,test,train,train,train
2MXY_0_RNA_B_2MXY_0_PROT_A,-7.64,test,train,train,train,train
2MXY_10_RNA_B_2MXY_10_PROT_A,-7.64,test,train,train,train,train
2MXY_11_RNA_B_2MXY_11_PROT_A,-7.64,test,train,train,train,train
2MXY_12_RNA_B_2MXY_12_PROT_A,-7.64,test,train,train,train,train
2MXY_13_RNA_B_2MXY_13_PROT_A,-7.64,test,train,train,train,train
2MXY_14_RNA_B_2MXY_14_PROT_A,-7.64,test,train,train,train,train
2MXY_15_RNA_B_2MXY_15_PROT_A,-7.64,test,train,train,train,train
2MXY_16_RNA_B_2MXY_16_PROT_A,-7.64,test,train,train,train,train
2MXY_17_RNA_B_2MXY_17_PROT_A,-7.64,test,train,train,train,train
2MXY_18_RNA_B_2MXY_18_PROT_A,-7.64,test,train,train,train,train
2MXY_19_RNA_B_2MXY_19_PROT_A,-7.64,test,train,train,train,train
2MXY_1_RNA_B_2MXY_1_PROT_A,-7.64,test,train,train,train,train
2MXY_2_RNA_B_2MXY_2_PROT_A,-7.64,test,train,train,train,train
2MXY_3_RNA_B_2MXY_3_PROT_A,-7.64,test,train,train,train,train
2MXY_4_RNA_B_2MXY_4_PROT_A,-7.64,test,train,train,train,train
2MXY_5_RNA_B_2MXY_5_PROT_A,-7.64,test,train,train,train,train
2MXY_6_RNA_B_2MXY_6_PROT_A,-7.64,test,train,train,train,train
2MXY_7_RNA_B_2MXY_7_PROT_A,-7.64,test,train,train,train,train
2MXY_8_RNA_B_2MXY_8_PROT_A,-7.64,test,train,train,train,train
2MXY_9_RNA_B_2MXY_9_PROT_A,-7.64,test,train,train,train,train
2MZ1_0_RNA_B_2MZ1_0_PROT_A,-6.761,test,train,train,train,train
2MZ1_10_RNA_B_2MZ1_10_PROT_A,-6.761,test,train,train,train,train
2MZ1_11_RNA_B_2MZ1_11_PROT_A,-6.761,test,train,train,train,train
2MZ1_12_RNA_B_2MZ1_12_PROT_A,-6.761,test,train,train,train,train
2MZ1_13_RNA_B_2MZ1_13_PROT_A,-6.761,test,train,train,train,train
2MZ1_14_RNA_B_2MZ1_14_PROT_A,-6.761,test,train,train,train,train
2MZ1_15_RNA_B_2MZ1_15_PROT_A,-6.761,test,train,train,train,train
2MZ1_16_RNA_B_2MZ1_16_PROT_A,-6.761,test,train,train,train,train
2MZ1_17_RNA_B_2MZ1_17_PROT_A,-6.761,test,train,train,train,train
2MZ1_18_RNA_B_2MZ1_18_PROT_A,-6.761,test,train,train,train,train
2MZ1_19_RNA_B_2MZ1_19_PROT_A,-6.761,test,train,train,train,train
2MZ1_1_RNA_B_2MZ1_1_PROT_A,-6.761,test,train,train,train,train
2MZ1_2_RNA_B_2MZ1_2_PROT_A,-6.761,test,train,train,train,train
2MZ1_3_RNA_B_2MZ1_3_PROT_A,-6.761,test,train,train,train,train
2MZ1_4_RNA_B_2MZ1_4_PROT_A,-6.761,test,train,train,train,train
2MZ1_5_RNA_B_2MZ1_5_PROT_A,-6.761,test,train,train,train,train
2MZ1_6_RNA_B_2MZ1_6_PROT_A,-6.761,test,train,train,train,train
2MZ1_7_RNA_B_2MZ1_7_PROT_A,-6.761,test,train,train,train,train
2MZ1_8_RNA_B_2MZ1_8_PROT_A,-6.761,test,train,train,train,train
2MZ1_9_RNA_B_2MZ1_9_PROT_A,-6.761,test,train,train,train,train
2N82_0_RNA_A_2N82_0_PROT_B,-10.455,train,train,test,train,train
2N82_10_RNA_A_2N82_10_PROT_B,-10.455,train,train,test,train,train
2N82_11_RNA_A_2N82_11_PROT_B,-10.455,train,train,test,train,train
2N82_12_RNA_A_2N82_12_PROT_B,-10.455,train,train,test,train,train
2N82_13_RNA_A_2N82_13_PROT_B,-10.455,train,train,test,train,train
2N82_14_RNA_A_2N82_14_PROT_B,-10.455,train,train,test,train,train
2N82_15_RNA_A_2N82_15_PROT_B,-10.455,train,train,test,train,train
2N82_16_RNA_A_2N82_16_PROT_B,-10.455,train,train,test,train,train
2N82_17_RNA_A_2N82_17_PROT_B,-10.455,train,train,test,train,train
2N82_18_RNA_A_2N82_18_PROT_B,-10.455,train,train,test,train,train
2N82_19_RNA_A_2N82_19_PROT_B,-10.455,train,train,test,train,train
2N82_1_RNA_A_2N82_1_PROT_B,-10.455,train,train,test,train,train
2N82_2_RNA_A_2N82_2_PROT_B,-10.455,train,train,test,train,train
2N82_3_RNA_A_2N82_3_PROT_B,-10.455,train,train,test,train,train
2N82_4_RNA_A_2N82_4_PROT_B,-10.455,train,train,test,train,train
2N82_5_RNA_A_2N82_5_PROT_B,-10.455,train,train,test,train,train
2N82_6_RNA_A_2N82_6_PROT_B,-10.455,train,train,test,train,train
2N82_7_RNA_A_2N82_7_PROT_B,-10.455,train,train,test,train,train
2N82_8_RNA_A_2N82_8_PROT_B,-10.455,train,train,test,train,train
2N82_9_RNA_A_2N82_9_PROT_B,-10.455,train,train,test,train,train
2PJP_0_RNA_B_2PJP_0_PROT_A,-12.98,test,train,train,train,train
2RQC_0_RNA_B_2RQC_0_PROT_A,-7.8,train,train,train,train,test
2RQC_10_RNA_B_2RQC_10_PROT_A,-7.8,train,train,train,train,test
2RQC_11_RNA_B_2RQC_11_PROT_A,-7.8,train,train,train,train,test
2RQC_12_RNA_B_2RQC_12_PROT_A,-7.8,train,train,train,train,test
2RQC_13_RNA_B_2RQC_13_PROT_A,-7.8,train,train,train,train,test
2RQC_14_RNA_B_2RQC_14_PROT_A,-7.8,train,train,train,train,test
2RQC_15_RNA_B_2RQC_15_PROT_A,-7.8,train,train,train,train,test
2RQC_16_RNA_B_2RQC_16_PROT_A,-7.8,train,train,train,train,test
2RQC_17_RNA_B_2RQC_17_PROT_A,-7.8,train,train,train,train,test
2RQC_18_RNA_B_2RQC_18_PROT_A,-7.8,train,train,train,train,test
2RQC_19_RNA_B_2RQC_19_PROT_A,-7.8,train,train,train,train,test
2RQC_1_RNA_B_2RQC_1_PROT_A,-7.8,train,train,train,train,test
2RQC_2_RNA_B_2RQC_2_PROT_A,-7.8,train,train,train,train,test
2RQC_3_RNA_B_2RQC_3_PROT_A,-7.8,train,train,train,train,test
2RQC_4_RNA_B_2RQC_4_PROT_A,-7.8,train,train,train,train,test
2RQC_5_RNA_B_2RQC_5_PROT_A,-7.8,train,train,train,train,test
2RQC_6_RNA_B_2RQC_6_PROT_A,-7.8,train,train,train,train,test
2RQC_7_RNA_B_2RQC_7_PROT_A,-7.8,train,train,train,train,test
2RQC_8_RNA_B_2RQC_8_PROT_A,-7.8,train,train,train,train,test
2RQC_9_RNA_B_2RQC_9_PROT_A,-7.8,train,train,train,train,test
2RRA_0_RNA_B_2RRA_0_PROT_A,-7.94,train,train,train,train,test
2RRA_10_RNA_B_2RRA_10_PROT_A,-7.94,train,train,train,train,test
2RRA_11_RNA_B_2RRA_11_PROT_A,-7.94,train,train,train,train,test
2RRA_12_RNA_B_2RRA_12_PROT_A,-7.94,train,train,train,train,test
2RRA_13_RNA_B_2RRA_13_PROT_A,-7.94,train,train,train,train,test
2RRA_14_RNA_B_2RRA_14_PROT_A,-7.94,train,train,train,train,test
2RRA_15_RNA_B_2RRA_15_PROT_A,-7.94,train,train,train,train,test
2RRA_16_RNA_B_2RRA_16_PROT_A,-7.94,train,train,train,train,test
2RRA_17_RNA_B_2RRA_17_PROT_A,-7.94,train,train,train,train,test
2RRA_18_RNA_B_2RRA_18_PROT_A,-7.94,train,train,train,train,test
2RRA_19_RNA_B_2RRA_19_PROT_A,-7.94,train,train,train,train,test
2RRA_1_RNA_B_2RRA_1_PROT_A,-7.94,train,train,train,train,test
2RRA_2_RNA_B_2RRA_2_PROT_A,-7.94,train,train,train,train,test
2RRA_3_RNA_B_2RRA_3_PROT_A,-7.94,train,train,train,train,test
2RRA_4_RNA_B_2RRA_4_PROT_A,-7.94,train,train,train,train,test
2RRA_5_RNA_B_2RRA_5_PROT_A,-7.94,train,train,train,train,test
2RRA_6_RNA_B_2RRA_6_PROT_A,-7.94,train,train,train,train,test
2RRA_7_RNA_B_2RRA_7_PROT_A,-7.94,train,train,train,train,test
2RRA_8_RNA_B_2RRA_8_PROT_A,-7.94,train,train,train,train,test
2RRA_9_RNA_B_2RRA_9_PROT_A,-7.94,train,train,train,train,test
2RU3_0_RNA_B_2RU3_0_PROT_A,-8.519,train,test,train,train,train
2RU3_10_RNA_B_2RU3_10_PROT_A,-8.519,train,test,train,train,train
2RU3_11_RNA_B_2RU3_11_PROT_A,-8.519,train,test,train,train,train
2RU3_12_RNA_B_2RU3_12_PROT_A,-8.519,train,test,train,train,train
2RU3_13_RNA_B_2RU3_13_PROT_A,-8.519,train,test,train,train,train
2RU3_14_RNA_B_2RU3_14_PROT_A,-8.519,train,test,train,train,train
2RU3_15_RNA_B_2RU3_15_PROT_A,-8.519,train,test,train,train,train
2RU3_16_RNA_B_2RU3_16_PROT_A,-8.519,train,test,train,train,train
2RU3_17_RNA_B_2RU3_17_PROT_A,-8.519,train,test,train,train,train
2RU3_18_RNA_B_2RU3_18_PROT_A,-8.519,train,test,train,train,train
2RU3_19_RNA_B_2RU3_19_PROT_A,-8.519,train,test,train,train,train
2RU3_1_RNA_B_2RU3_1_PROT_A,-8.519,train,test,train,train,train
2RU3_2_RNA_B_2RU3_2_PROT_A,-8.519,train,test,train,train,train
2RU3_3_RNA_B_2RU3_3_PROT_A,-8.519,train,test,train,train,train
2RU3_4_RNA_B_2RU3_4_PROT_A,-8.519,train,test,train,train,train
2RU3_5_RNA_B_2RU3_5_PROT_A,-8.519,train,test,train,train,train
2RU3_6_RNA_B_2RU3_6_PROT_A,-8.519,train,test,train,train,train
2RU3_7_RNA_B_2RU3_7_PROT_A,-8.519,train,test,train,train,train
2RU3_8_RNA_B_2RU3_8_PROT_A,-8.519,train,test,train,train,train
2RU3_9_RNA_B_2RU3_9_PROT_A,-8.519,train,test,train,train,train
2VPL_0_RNA_B_2VPL_0_PROT_A,-11.0,train,train,train,train,test
2XC7_0_RNA_P_2XC7_0_PROT_A,-7.073,train,train,test,train,train
2XC7_1_RNA_P_2XC7_1_PROT_A,-7.073,train,train,test,train,train
2XC7_2_RNA_P_2XC7_2_PROT_A,-7.073,train,train,test,train,train
2XC7_3_RNA_P_2XC7_3_PROT_A,-7.073,train,train,test,train,train
2XC7_4_RNA_P_2XC7_4_PROT_A,-7.073,train,train,test,train,train
2XC7_5_RNA_P_2XC7_5_PROT_A,-7.073,train,train,test,train,train
2XC7_6_RNA_P_2XC7_6_PROT_A,-7.073,train,train,test,train,train
2XC7_7_RNA_P_2XC7_7_PROT_A,-7.073,train,train,test,train,train
2XC7_8_RNA_P_2XC7_8_PROT_A,-7.073,train,train,test,train,train
2XC7_9_RNA_P_2XC7_9_PROT_A,-7.073,train,train,test,train,train
2XFM_0_RNA_B_2XFM_0_PROT_A,-8.24,train,train,train,test,train
2XFM_1_RNA_B_2XFM_1_PROT_A,-8.24,train,train,train,test,train
2XFM_2_RNA_B_2XFM_2_PROT_A,-8.24,train,train,train,test,train
2XFM_3_RNA_B_2XFM_3_PROT_A,-8.24,train,train,train,test,train
2XFM_4_RNA_B_2XFM_4_PROT_A,-8.24,train,train,train,test,train
2XFM_5_RNA_B_2XFM_5_PROT_A,-8.24,train,train,train,test,train
2XFM_6_RNA_B_2XFM_6_PROT_A,-8.24,train,train,train,test,train
2XFM_7_RNA_B_2XFM_7_PROT_A,-8.24,train,train,train,test,train
2XFM_8_RNA_B_2XFM_8_PROT_A,-8.24,train,train,train,test,train
2XFM_9_RNA_B_2XFM_9_PROT_A,-8.24,train,train,train,test,train
2XS2_0_RNA_B_2XS2_0_PROT_A,-10.11,train,test,train,train,train
2XZL_0_RNA_B_2XZL_0_PROT_A,-9.128,test,train,train,train,train
2Y8W_0_RNA_B_2Y8W_0_PROT_A,-11.4,train,train,test,train,train
2YH1_0_RNA_B_2YH1_0_PROT_A,-8.02,train,train,test,train,train
2YH1_1_RNA_B_2YH1_1_PROT_A,-8.02,train,train,test,train,train
2YH1_2_RNA_B_2YH1_2_PROT_A,-8.02,train,train,test,train,train
2YH1_3_RNA_B_2YH1_3_PROT_A,-8.02,train,train,test,train,train
2YH1_4_RNA_B_2YH1_4_PROT_A,-8.02,train,train,test,train,train
2YH1_5_RNA_B_2YH1_5_PROT_A,-8.02,train,train,test,train,train
2YH1_6_RNA_B_2YH1_6_PROT_A,-8.02,train,train,test,train,train
2YH1_7_RNA_B_2YH1_7_PROT_A,-8.02,train,train,test,train,train
2YH1_8_RNA_B_2YH1_8_PROT_A,-8.02,train,train,test,train,train
2YH1_9_RNA_B_2YH1_9_PROT_A,-8.02,train,train,test,train,train
3BSB_0_RNA_C_3BSB_0_PROT_B,-10.392,train,train,train,train,test
3BSX_0_RNA_C_3BSX_0_PROT_A,-11.662,train,train,train,train,test
3BX2_0_RNA_C_3BX2_0_PROT_A,-9.97,train,train,test,train,train
3BX3_0_RNA_C_3BX3_0_PROT_A,-9.875,train,train,test,train,train
3D2S_0_RNA_E_3D2S_0_PROT_A,-9.38,train,test,train,train,train
3FHT_0_RNA_C_3FHT_0_PROT_A,-10.13,train,train,test,train,train
3I5X_0_RNA_B_3I5X_0_PROT_A,-11.861,train,train,train,train,test
3K49_0_RNA_B_3K49_0_PROT_A,-12.05,train,train,train,test,train
3K4E_0_RNA_B_3K4E_0_PROT_A,-11.621,train,train,train,test,train
3K5Q_0_RNA_B_3K5Q_0_PROT_A,-10.007,train,test,train,train,train
3K5Y_0_RNA_B_3K5Y_0_PROT_A,-10.197,train,test,train,train,train
3K5Z_0_RNA_B_3K5Z_0_PROT_A,-10.096,train,test,train,train,train
3K61_0_RNA_B_3K61_0_PROT_A,-9.563,train,test,train,train,train
3K62_0_RNA_B_3K62_0_PROT_A,-8.74,train,test,train,train,train
3K64_0_RNA_B_3K64_0_PROT_A,-9.921,train,test,train,train,train
3MDG_0_RNA_C_3MDG_0_PROT_A,-7.27,test,train,train,train,train
3NMR_0_RNA_B_3NMR_0_PROT_A,-8.44,train,test,train,train,train
3O3I_0_RNA_A_3O3I_0_PROT_X,-6.52,train,train,train,test,train
3O6E_0_RNA_A_3O6E_0_PROT_X,-7.073,train,train,train,test,train
3O7V_0_RNA_A_3O7V_0_PROT_X,-7.77,train,train,train,test,train
3PF4_0_RNA_R_3PF4_0_PROT_B,-9.27,train,train,test,train,train
3PF5_0_RNA_R_3PF5_0_PROT_B,-8.53,train,train,test,train,train
3Q0L_0_RNA_C_3Q0L_0_PROT_A,-12.327,train,train,train,train,test
3Q0M_0_RNA_C_3Q0M_0_PROT_A,-12.545,train,train,train,train,test
3Q0N_0_RNA_C_3Q0N_0_PROT_A,-10.53,train,train,train,train,test
3Q0P_0_RNA_C_3Q0P_0_PROT_A,-12.814,train,train,train,train,test
3Q0S_0_RNA_B_3Q0S_0_PROT_A,-10.848,train,train,train,train,test
3QG9_0_RNA_B_3QG9_0_PROT_A,-10.56,train,test,train,train,train
3QGB_0_RNA_B_3QGB_0_PROT_A,-11.53,train,test,train,train,train
3QGC_0_RNA_B_3QGC_0_PROT_A,-10.984,train,test,train,train,train
3R9W_0_RNA_B_3R9W_0_PROT_A,-10.77,train,train,train,test,train
3RW6_0_RNA_H_3RW6_0_PROT_A,-9.61,test,train,train,train,train
3UZS_0_RNA_C_3UZS_0_PROT_A,-10.31,train,test,train,train,train
3UZT_0_RNA_B_3UZT_0_PROT_A,-10.166,train,test,train,train,train
3V6Y_0_RNA_B_3V6Y_0_PROT_A,-11.465,train,test,train,train,train
3V71_0_RNA_B_3V71_0_PROT_A,-10.31,test,train,train,train,train
3V74_0_RNA_B_3V74_0_PROT_A,-11.619,train,test,train,train,train
4B3G_0_RNA_G_4B3G_0_PROT_A,-9.5,train,train,train,train,test
4B8T_0_RNA_B_4B8T_0_PROT_A,-7.13,train,train,train,train,test
4B8T_10_RNA_B_4B8T_10_PROT_A,-7.13,train,train,train,train,test
4B8T_11_RNA_B_4B8T_11_PROT_A,-7.13,train,train,train,train,test
4B8T_12_RNA_B_4B8T_12_PROT_A,-7.13,train,train,train,train,test
4B8T_13_RNA_B_4B8T_13_PROT_A,-7.13,train,train,train,train,test
4B8T_14_RNA_B_4B8T_14_PROT_A,-7.13,train,train,train,train,test
4B8T_15_RNA_B_4B8T_15_PROT_A,-7.13,train,train,train,train,test
4B8T_16_RNA_B_4B8T_16_PROT_A,-7.13,train,train,train,train,test
4B8T_17_RNA_B_4B8T_17_PROT_A,-7.13,train,train,train,train,test
4B8T_18_RNA_B_4B8T_18_PROT_A,-7.13,train,train,train,train,test
4B8T_19_RNA_B_4B8T_19_PROT_A,-7.13,train,train,train,train,test
4B8T_1_RNA_B_4B8T_1_PROT_A,-7.13,train,train,train,train,test
4B8T_2_RNA_B_4B8T_2_PROT_A,-7.13,train,train,train,train,test
4B8T_3_RNA_B_4B8T_3_PROT_A,-7.13,train,train,train,train,test
4B8T_4_RNA_B_4B8T_4_PROT_A,-7.13,train,train,train,train,test
4B8T_5_RNA_B_4B8T_5_PROT_A,-7.13,train,train,train,train,test
4B8T_6_RNA_B_4B8T_6_PROT_A,-7.13,train,train,train,train,test
4B8T_7_RNA_B_4B8T_7_PROT_A,-7.13,train,train,train,train,test
4B8T_8_RNA_B_4B8T_8_PROT_A,-7.13,train,train,train,train,test
4B8T_9_RNA_B_4B8T_9_PROT_A,-7.13,train,train,train,train,test
4BS2_0_RNA_B_4BS2_0_PROT_A,-10.43,train,train,test,train,train
4BS2_10_RNA_B_4BS2_10_PROT_A,-10.43,train,train,test,train,train
4BS2_11_RNA_B_4BS2_11_PROT_A,-10.43,train,train,test,train,train
4BS2_12_RNA_B_4BS2_12_PROT_A,-10.43,train,train,test,train,train
4BS2_13_RNA_B_4BS2_13_PROT_A,-10.43,train,train,test,train,train
4BS2_14_RNA_B_4BS2_14_PROT_A,-10.43,train,train,test,train,train
4BS2_15_RNA_B_4BS2_15_PROT_A,-10.43,train,train,test,train,train
4BS2_16_RNA_B_4BS2_16_PROT_A,-10.43,train,train,test,train,train
4BS2_17_RNA_B_4BS2_17_PROT_A,-10.43,train,train,test,train,train
4BS2_18_RNA_B_4BS2_18_PROT_A,-10.43,train,train,test,train,train
4BS2_19_RNA_B_4BS2_19_PROT_A,-10.43,train,train,test,train,train
4BS2_1_RNA_B_4BS2_1_PROT_A,-10.43,train,train,test,train,train
4BS2_2_RNA_B_4BS2_2_PROT_A,-10.43,train,train,test,train,train
4BS2_3_RNA_B_4BS2_3_PROT_A,-10.43,train,train,test,train,train
4BS2_4_RNA_B_4BS2_4_PROT_A,-10.43,train,train,test,train,train
4BS2_5_RNA_B_4BS2_5_PROT_A,-10.43,train,train,test,train,train
4BS2_6_RNA_B_4BS2_6_PROT_A,-10.43,train,train,test,train,train
4BS2_7_RNA_B_4BS2_7_PROT_A,-10.43,train,train,test,train,train
4BS2_8_RNA_B_4BS2_8_PROT_A,-10.43,train,train,test,train,train
4BS2_9_RNA_B_4BS2_9_PROT_A,-10.43,train,train,test,train,train
4C9D_0_RNA_C_4C9D_0_PROT_A,-11.465,train,test,train,train,train
4CIO_0_RNA_B_4CIO_0_PROT_A,-9.76,train,test,train,train,train
4CIO_10_RNA_B_4CIO_10_PROT_A,-9.76,train,test,train,train,train
4CIO_11_RNA_B_4CIO_11_PROT_A,-9.76,train,test,train,train,train
4CIO_12_RNA_B_4CIO_12_PROT_A,-9.76,train,test,train,train,train
4CIO_13_RNA_B_4CIO_13_PROT_A,-9.76,train,test,train,train,train
4CIO_14_RNA_B_4CIO_14_PROT_A,-9.76,train,test,train,train,train
4CIO_1_RNA_B_4CIO_1_PROT_A,-9.76,train,test,train,train,train
4CIO_2_RNA_B_4CIO_2_PROT_A,-9.76,train,test,train,train,train
4CIO_3_RNA_B_4CIO_3_PROT_A,-9.76,train,test,train,train,train
4CIO_4_RNA_B_4CIO_4_PROT_A,-9.76,train,test,train,train,train
4CIO_5_RNA_B_4CIO_5_PROT_A,-9.76,train,test,train,train,train
4CIO_6_RNA_B_4CIO_6_PROT_A,-9.76,train,test,train,train,train
4CIO_7_RNA_B_4CIO_7_PROT_A,-9.76,train,test,train,train,train
4CIO_8_RNA_B_4CIO_8_PROT_A,-9.76,train,test,train,train,train
4CIO_9_RNA_B_4CIO_9_PROT_A,-9.76,train,test,train,train,train
4ED5_0_RNA_D_4ED5_0_PROT_A,-9.08,train,train,test,train,train
4I67_0_RNA_B_4I67_0_PROT_A,-6.855,train,test,train,train,train
4JVH_0_RNA_D_4JVH_0_PROT_A,-9.756,train,test,train,train,train
4JVY_0_RNA_D_4JVY_0_PROT_A,-9.76,test,train,train,train,train
4JXX_0_RNA_B_4JXX_0_PROT_A,-8.786,train,train,train,test,train
4JXZ_0_RNA_B_4JXZ_0_PROT_A,-7.82,train,train,train,test,train
4JYZ_0_RNA_B_4JYZ_0_PROT_A,-8.628,train,train,train,test,train
4KJI_0_RNA_C_4KJI_0_PROT_A,-8.943,train,train,train,train,test
4N2Q_0_RNA_B_4N2Q_0_PROT_A,-11.45,train,train,train,test,train
4N2S_0_RNA_B_4N2S_0_PROT_A,-9.002,train,train,train,test,train
4NGB_0_RNA_B_4NGB_0_PROT_A,-10.34,train,train,train,train,test
4NKU_0_RNA_D_4NKU_0_PROT_A,-5.92,test,train,train,train,train
4O26_0_RNA_E_4O26_0_PROT_A,-7.91,test,train,train,train,train
4PDB_0_RNA_I_4PDB_0_PROT_A,-9.49,train,train,train,test,train
4PKD_0_RNA_V_4PKD_0_PROT_B,-11.16,train,train,train,test,train
4QEI_0_RNA_C_4QEI_0_PROT_A,-6.545,train,train,train,train,test
4QI2_0_RNA_E_4QI2_0_PROT_A,-9.17,train,train,train,train,test
4QVC_0_RNA_G_4QVC_0_PROT_D,-10.441,train,test,train,train,train
4R3I_0_RNA_B_4R3I_0_PROT_A,-7.77,train,test,train,train,train
4RCJ_0_RNA_B_4RCJ_0_PROT_A,-6.351,train,train,train,test,train
4TUX_0_RNA_C_4TUX_0_PROT_A,-10.003,test,train,train,train,train
4YHW_0_RNA_E_4YHW_0_PROT_A,-9.488,train,train,test,train,train
4Z7L_0_RNA_C_4Z7L_0_PROT_A,-10.753,test,train,train,train,train
5DET_0_RNA_Q_5DET_0_PROT_B,-8.11,test,train,train,train,train
5DNO_0_RNA_B_5DNO_0_PROT_A,-7.833,train,train,train,test,train
5EIM_0_RNA_C_5EIM_0_PROT_A,-8.124,train,train,train,test,train
5EN1_0_RNA_B_5EN1_0_PROT_A,-8.943,train,train,test,train,train
5F5H_0_RNA_C_5F5H_0_PROT_A,-9.669,train,train,train,train,test
5F98_0_RNA_B_5F98_0_PROT_A,-11.957,test,train,train,train,train
5F9F_0_RNA_B_5F9F_0_PROT_A,-10.11,train,train,train,test,train
5F9H_0_RNA_B_5F9H_0_PROT_A,-11.923,train,train,train,test,train
5GXH_0_RNA_B_5GXH_0_PROT_A,-7.662,train,train,train,train,test
5GXI_0_RNA_B_5GXI_0_PROT_A,-7.8,train,train,train,train,test
5H1K_0_RNA_C_5H1K_0_PROT_A,-9.026,train,train,train,train,test
5H1L_0_RNA_B_5H1L_0_PROT_A,-8.18,train,train,train,train,test
5HO4_0_RNA_B_5HO4_0_PROT_A,-9.463,train,train,test,train,train
5KLA_0_RNA_B_5KLA_0_PROT_A,-10.335,train,train,train,train,test
5M8I_0_RNA_B_5M8I_0_PROT_A,-5.737,train,train,train,train,test
5M8I_10_RNA_B_5M8I_10_PROT_A,-5.737,train,train,train,train,test
5M8I_11_RNA_B_5M8I_11_PROT_A,-5.737,train,train,train,train,test
5M8I_12_RNA_B_5M8I_12_PROT_A,-5.737,train,train,train,train,test
5M8I_13_RNA_B_5M8I_13_PROT_A,-5.737,train,train,train,train,test
5M8I_14_RNA_B_5M8I_14_PROT_A,-5.737,train,train,train,train,test
5M8I_15_RNA_B_5M8I_15_PROT_A,-5.737,train,train,train,train,test
5M8I_16_RNA_B_5M8I_16_PROT_A,-5.737,train,train,train,train,test
5M8I_17_RNA_B_5M8I_17_PROT_A,-5.737,train,train,train,train,test
5M8I_18_RNA_B_5M8I_18_PROT_A,-5.737,train,train,train,train,test
5M8I_19_RNA_B_5M8I_19_PROT_A,-5.737,train,train,train,train,test
5M8I_1_RNA_B_5M8I_1_PROT_A,-5.737,train,train,train,train,test
5M8I_2_RNA_B_5M8I_2_PROT_A,-5.737,train,train,train,train,test
5M8I_3_RNA_B_5M8I_3_PROT_A,-5.737,train,train,train,train,test
5M8I_4_RNA_B_5M8I_4_PROT_A,-5.737,train,train,train,train,test
5M8I_5_RNA_B_5M8I_5_PROT_A,-5.737,train,train,train,train,test
5M8I_6_RNA_B_5M8I_6_PROT_A,-5.737,train,train,train,train,test
5M8I_7_RNA_B_5M8I_7_PROT_A,-5.737,train,train,train,train,test
5M8I_8_RNA_B_5M8I_8_PROT_A,-5.737,train,train,train,train,test
5M8I_9_RNA_B_5M8I_9_PROT_A,-5.737,train,train,train,train,test
5MPG_0_RNA_B_5MPG_0_PROT_A,-8.91,train,train,test,train,train
5MPG_10_RNA_B_5MPG_10_PROT_A,-8.91,train,train,test,train,train
5MPG_11_RNA_B_5MPG_11_PROT_A,-8.91,train,train,test,train,train
5MPG_12_RNA_B_5MPG_12_PROT_A,-8.91,train,train,test,train,train
5MPG_13_RNA_B_5MPG_13_PROT_A,-8.91,train,train,test,train,train
5MPG_14_RNA_B_5MPG_14_PROT_A,-8.91,train,train,test,train,train
5MPG_15_RNA_B_5MPG_15_PROT_A,-8.91,train,train,test,train,train
5MPG_16_RNA_B_5MPG_16_PROT_A,-8.91,train,train,test,train,train
5MPG_17_RNA_B_5MPG_17_PROT_A,-8.91,train,train,test,train,train
5MPG_18_RNA_B_5MPG_18_PROT_A,-8.91,train,train,test,train,train
5MPG_19_RNA_B_5MPG_19_PROT_A,-8.91,train,train,test,train,train
5MPG_1_RNA_B_5MPG_1_PROT_A,-8.91,train,train,test,train,train
5MPG_2_RNA_B_5MPG_2_PROT_A,-8.91,train,train,test,train,train
5MPG_3_RNA_B_5MPG_3_PROT_A,-8.91,train,train,test,train,train
5MPG_4_RNA_B_5MPG_4_PROT_A,-8.91,train,train,test,train,train
5MPG_5_RNA_B_5MPG_5_PROT_A,-8.91,train,train,test,train,train
5MPG_6_RNA_B_5MPG_6_PROT_A,-8.91,train,train,test,train,train
5MPG_7_RNA_B_5MPG_7_PROT_A,-8.91,train,train,test,train,train
5MPG_8_RNA_B_5MPG_8_PROT_A,-8.91,train,train,test,train,train
5MPG_9_RNA_B_5MPG_9_PROT_A,-8.91,train,train,test,train,train
5MPL_0_RNA_B_5MPL_0_PROT_A,-8.688,train,train,test,train,train
5MPL_10_RNA_B_5MPL_10_PROT_A,-8.688,train,train,test,train,train
5MPL_11_RNA_B_5MPL_11_PROT_A,-8.688,train,train,test,train,train
5MPL_12_RNA_B_5MPL_12_PROT_A,-8.688,train,train,test,train,train
5MPL_13_RNA_B_5MPL_13_PROT_A,-8.688,train,train,test,train,train
5MPL_14_RNA_B_5MPL_14_PROT_A,-8.688,train,train,test,train,train
5MPL_15_RNA_B_5MPL_15_PROT_A,-8.688,train,train,test,train,train
5MPL_16_RNA_B_5MPL_16_PROT_A,-8.688,train,train,test,train,train
5MPL_17_RNA_B_5MPL_17_PROT_A,-8.688,train,train,test,train,train
5MPL_18_RNA_B_5MPL_18_PROT_A,-8.688,train,train,test,train,train
5MPL_19_RNA_B_5MPL_19_PROT_A,-8.688,train,train,test,train,train
5MPL_1_RNA_B_5MPL_1_PROT_A,-8.688,train,train,test,train,train
5MPL_2_RNA_B_5MPL_2_PROT_A,-8.688,train,train,test,train,train
5MPL_3_RNA_B_5MPL_3_PROT_A,-8.688,train,train,test,train,train
5MPL_4_RNA_B_5MPL_4_PROT_A,-8.688,train,train,test,train,train
5MPL_5_RNA_B_5MPL_5_PROT_A,-8.688,train,train,test,train,train
5MPL_6_RNA_B_5MPL_6_PROT_A,-8.688,train,train,test,train,train
5MPL_7_RNA_B_5MPL_7_PROT_A,-8.688,train,train,test,train,train
5MPL_8_RNA_B_5MPL_8_PROT_A,-8.688,train,train,test,train,train
5MPL_9_RNA_B_5MPL_9_PROT_A,-8.688,train,train,test,train,train
5SZE_0_RNA_C_5SZE_0_PROT_A,-10.461,train,train,train,test,train
5TF6_0_RNA_B_5TF6_0_PROT_A,-11.641,train,test,train,train,train
5U9B_0_RNA_B_5U9B_0_PROT_A,-9.389,train,test,train,train,train
5U9B_10_RNA_B_5U9B_10_PROT_A,-9.389,train,test,train,train,train
5U9B_11_RNA_B_5U9B_11_PROT_A,-9.389,train,test,train,train,train
5U9B_12_RNA_B_5U9B_12_PROT_A,-9.389,train,test,train,train,train
5U9B_13_RNA_B_5U9B_13_PROT_A,-9.389,train,test,train,train,train
5U9B_14_RNA_B_5U9B_14_PROT_A,-9.389,train,test,train,train,train
5U9B_15_RNA_B_5U9B_15_PROT_A,-9.389,train,test,train,train,train
5U9B_16_RNA_B_5U9B_16_PROT_A,-9.389,train,test,train,train,train
5U9B_17_RNA_B_5U9B_17_PROT_A,-9.389,train,test,train,train,train
5U9B_18_RNA_B_5U9B_18_PROT_A,-9.389,train,test,train,train,train
5U9B_19_RNA_B_5U9B_19_PROT_A,-9.389,train,test,train,train,train
5U9B_1_RNA_B_5U9B_1_PROT_A,-9.389,train,test,train,train,train
5U9B_2_RNA_B_5U9B_2_PROT_A,-9.389,train,test,train,train,train
5U9B_3_RNA_B_5U9B_3_PROT_A,-9.389,train,test,train,train,train
5U9B_4_RNA_B_5U9B_4_PROT_A,-9.389,train,test,train,train,train
5U9B_5_RNA_B_5U9B_5_PROT_A,-9.389,train,test,train,train,train
5U9B_6_RNA_B_5U9B_6_PROT_A,-9.389,train,test,train,train,train
5U9B_7_RNA_B_5U9B_7_PROT_A,-9.389,train,test,train,train,train
5U9B_8_RNA_B_5U9B_8_PROT_A,-9.389,train,test,train,train,train
5U9B_9_RNA_B_5U9B_9_PROT_A,-9.389,train,test,train,train,train
5V7C_0_RNA_C_5V7C_0_PROT_B,-6.988,test,train,train,train,train
5W6V_0_RNA_R_5W6V_0_PROT_A,-9.445,train,train,train,test,train
5WWE_0_RNA_B_5WWE_0_PROT_A,-8.552,train,train,test,train,train
5WWF_0_RNA_B_5WWF_0_PROT_A,-9.031,train,train,test,train,train
5WWG_0_RNA_B_5WWG_0_PROT_A,-9.078,train,train,test,train,train
5WWW_0_RNA_B_5WWW_0_PROT_A,-6.315,test,train,train,train,train
5WWX_0_RNA_C_5WWX_0_PROT_A,-7.56,train,train,test,train,train
5WZG_0_RNA_B_5WZG_0_PROT_A,-10.219,train,train,test,train,train
5WZH_0_RNA_B_5WZH_0_PROT_A,-10.469,train,train,test,train,train
5WZJ_0_RNA_B_5WZJ_0_PROT_A,-10.753,train,train,test,train,train
5WZK_0_RNA_B_5WZK_0_PROT_A,-9.266,train,train,test,train,train
5YKI_0_RNA_C_5YKI_0_PROT_A,-12.032,train,test,train,train,train
5YTS_0_RNA_B_5YTS_0_PROT_A,-7.578,train,train,train,train,test
5YTT_0_RNA_B_5YTT_0_PROT_A,-7.395,train,train,train,train,test
5YTV_0_RNA_B_5YTV_0_PROT_A,-8.044,train,train,train,train,test
5YTX_0_RNA_B_5YTX_0_PROT_A,-8.008,train,train,train,train,test
5ZC9_0_RNA_B_5ZC9_0_PROT_A,-6.98,train,train,test,train,train
5ZKJ_0_RNA_E_5ZKJ_0_PROT_A,-9.164,train,test,train,train,train
6A6J_0_RNA_B_6A6J_0_PROT_A,-9.069,train,train,train,train,test
6C6K_0_RNA_E_6C6K_0_PROT_A,-9.966,train,test,train,train,train
6CMN_0_RNA_D_6CMN_0_PROT_A,-7.833,train,train,train,test,train
6DCB_0_RNA_B_6DCB_0_PROT_A,-9.544,train,train,test,train,train
6DCC_0_RNA_B_6DCC_0_PROT_A,-10.166,train,train,test,train,train
6F4H_0_RNA_B_6F4H_0_PROT_A,-10.183,train,train,train,test,train
6FPQ_0_RNA_B_6FPQ_0_PROT_A,-6.93,train,train,train,test,train
6FPX_0_RNA_B_6FPX_0_PROT_A,-9.289,train,train,train,test,train
6FQ3_0_RNA_B_6FQ3_0_PROT_A,-8.016,test,train,train,train,train
6FQR_0_RNA_C_6FQR_0_PROT_A,-6.074,test,train,train,train,train
6G99_0_RNA_A_6G99_0_PROT_B,-6.177,train,train,train,test,train
6G99_10_RNA_A_6G99_10_PROT_B,-6.177,train,train,train,test,train
6G99_11_RNA_A_6G99_11_PROT_B,-6.177,train,train,train,test,train
6G99_12_RNA_A_6G99_12_PROT_B,-6.177,train,train,train,test,train
6G99_13_RNA_A_6G99_13_PROT_B,-6.177,train,train,train,test,train
6G99_14_RNA_A_6G99_14_PROT_B,-6.177,train,train,train,test,train
6G99_15_RNA_A_6G99_15_PROT_B,-6.177,train,train,train,test,train
6G99_16_RNA_A_6G99_16_PROT_B,-6.177,train,train,train,test,train
6G99_17_RNA_A_6G99_17_PROT_B,-6.177,train,train,train,test,train
6G99_18_RNA_A_6G99_18_PROT_B,-6.177,train,train,train,test,train
6G99_19_RNA_A_6G99_19_PROT_B,-6.177,train,train,train,test,train
6G99_1_RNA_A_6G99_1_PROT_B,-6.177,train,train,train,test,train
6G99_2_RNA_A_6G99_2_PROT_B,-6.177,train,train,train,test,train
6G99_3_RNA_A_6G99_3_PROT_B,-6.177,train,train,train,test,train
6G99_4_RNA_A_6G99_4_PROT_B,-6.177,train,train,train,test,train
6G99_5_RNA_A_6G99_5_PROT_B,-6.177,train,train,train,test,train
6G99_6_RNA_A_6G99_6_PROT_B,-6.177,train,train,train,test,train
6G99_7_RNA_A_6G99_7_PROT_B,-6.177,train,train,train,test,train
6G99_8_RNA_A_6G99_8_PROT_B,-6.177,train,train,train,test,train
6G99_9_RNA_A_6G99_9_PROT_B,-6.177,train,train,train,test,train
6GBM_0_RNA_A_6GBM_0_PROT_B,-5.557,train,train,train,train,test
6GBM_10_RNA_A_6GBM_10_PROT_B,-5.557,train,train,train,train,test
6GBM_11_RNA_A_6GBM_11_PROT_B,-5.557,train,train,train,train,test
6GBM_12_RNA_A_6GBM_12_PROT_B,-5.557,train,train,train,train,test
6GBM_13_RNA_A_6GBM_13_PROT_B,-5.557,train,train,train,train,test
6GBM_14_RNA_A_6GBM_14_PROT_B,-5.557,train,train,train,train,test
6GBM_15_RNA_A_6GBM_15_PROT_B,-5.557,train,train,train,train,test
6GBM_16_RNA_A_6GBM_16_PROT_B,-5.557,train,train,train,train,test
6GBM_17_RNA_A_6GBM_17_PROT_B,-5.557,train,train,train,train,test
6GBM_18_RNA_A_6GBM_18_PROT_B,-5.557,train,train,train,train,test
6GBM_19_RNA_A_6GBM_19_PROT_B,-5.557,train,train,train,train,test
6GBM_1_RNA_A_6GBM_1_PROT_B,-5.557,train,train,train,train,test
6GBM_2_RNA_A_6GBM_2_PROT_B,-5.557,train,train,train,train,test
6GBM_3_RNA_A_6GBM_3_PROT_B,-5.557,train,train,train,train,test
6GBM_4_RNA_A_6GBM_4_PROT_B,-5.557,train,train,train,train,test
6GBM_5_RNA_A_6GBM_5_PROT_B,-5.557,train,train,train,train,test
6GBM_6_RNA_A_6GBM_6_PROT_B,-5.557,train,train,train,train,test
6GBM_7_RNA_A_6GBM_7_PROT_B,-5.557,train,train,train,train,test
6GBM_8_RNA_A_6GBM_8_PROT_B,-5.557,train,train,train,train,test
6GBM_9_RNA_A_6GBM_9_PROT_B,-5.557,train,train,train,train,test
6GC5_0_RNA_E_6GC5_0_PROT_A,-8.436,train,train,train,test,train
6GX6_0_RNA_B_6GX6_0_PROT_A,-7.265,test,train,train,train,train
6HYU_0_RNA_B_6HYU_0_PROT_A,-9.408,test,train,train,train,train
6MCE_0_RNA_A_6MCE_0_PROT_B,-10.428,test,train,train,train,train
6MCE_1_RNA_A_6MCE_1_PROT_B,-10.428,test,train,train,train,train
6MCE_2_RNA_A_6MCE_2_PROT_B,-10.428,test,train,train,train,train
6MCE_3_RNA_A_6MCE_3_PROT_B,-10.428,test,train,train,train,train
6MCE_4_RNA_A_6MCE_4_PROT_B,-10.428,test,train,train,train,train
6MCE_5_RNA_A_6MCE_5_PROT_B,-10.428,test,train,train,train,train
6MCE_6_RNA_A_6MCE_6_PROT_B,-10.428,test,train,train,train,train
6MCE_7_RNA_A_6MCE_7_PROT_B,-10.428,test,train,train,train,train
6MCE_8_RNA_A_6MCE_8_PROT_B,-10.428,test,train,train,train,train
6MCE_9_RNA_A_6MCE_9_PROT_B,-10.428,test,train,train,train,train
6MCF_0_RNA_A_6MCF_0_PROT_B,-10.215,test,train,train,train,train
6MCF_1_RNA_A_6MCF_1_PROT_B,-10.215,test,train,train,train,train
6MCF_2_RNA_A_6MCF_2_PROT_B,-10.215,test,train,train,train,train
6MCF_3_RNA_A_6MCF_3_PROT_B,-10.215,test,train,train,train,train
6MCF_4_RNA_A_6MCF_4_PROT_B,-10.215,test,train,train,train,train
6MCF_5_RNA_A_6MCF_5_PROT_B,-10.215,test,train,train,train,train
6MCF_6_RNA_A_6MCF_6_PROT_B,-10.215,test,train,train,train,train
6MCF_7_RNA_A_6MCF_7_PROT_B,-10.215,test,train,train,train,train
6MCF_8_RNA_A_6MCF_8_PROT_B,-10.215,test,train,train,train,train
6MCF_9_RNA_A_6MCF_9_PROT_B,-10.215,test,train,train,train,train
6NOC_0_RNA_B_6NOC_0_PROT_A,-10.492,train,test,train,train,train
6NOD_0_RNA_D_6NOD_0_PROT_A,-10.282,train,train,test,train,train
6NOF_0_RNA_B_6NOF_0_PROT_A,-10.619,train,test,train,train,train
6NOH_0_RNA_B_6NOH_0_PROT_A,-10.422,train,test,train,train,train
6O16_0_RNA_C_6O16_0_PROT_A,-10.918,train,test,train,train,train
6PUN_0_RNA_B_6PUN_0_PROT_A,-9.479,train,test,train,train,train
6RT6_0_RNA_E_6RT6_0_PROT_B,-6.756,train,test,train,train,train
6RT7_0_RNA_E_6RT7_0_PROT_B,-7.406,train,test,train,train,train
6SDW_0_RNA_B_6SDW_0_PROT_A,-10.92,train,train,train,test,train
6SDW_10_RNA_B_6SDW_10_PROT_A,-10.92,train,train,train,test,train
6SDW_11_RNA_B_6SDW_11_PROT_A,-10.92,train,train,train,test,train
6SDW_12_RNA_B_6SDW_12_PROT_A,-10.92,train,train,train,test,train
6SDW_13_RNA_B_6SDW_13_PROT_A,-10.92,train,train,train,test,train
6SDW_14_RNA_B_6SDW_14_PROT_A,-10.92,train,train,train,test,train
6SDW_15_RNA_B_6SDW_15_PROT_A,-10.92,train,train,train,test,train
6SDW_16_RNA_B_6SDW_16_PROT_A,-10.92,train,train,train,test,train
6SDW_17_RNA_B_6SDW_17_PROT_A,-10.92,train,train,train,test,train
6SDW_18_RNA_B_6SDW_18_PROT_A,-10.92,train,train,train,test,train
6SDW_19_RNA_B_6SDW_19_PROT_A,-10.92,train,train,train,test,train
6SDW_1_RNA_B_6SDW_1_PROT_A,-10.92,train,train,train,test,train
6SDW_2_RNA_B_6SDW_2_PROT_A,-10.92,train,train,train,test,train
6SDW_3_RNA_B_6SDW_3_PROT_A,-10.92,train,train,train,test,train
6SDW_4_RNA_B_6SDW_4_PROT_A,-10.92,train,train,train,test,train
6SDW_5_RNA_B_6SDW_5_PROT_A,-10.92,train,train,train,test,train
6SDW_6_RNA_B_6SDW_6_PROT_A,-10.92,train,train,train,test,train
6SDW_7_RNA_B_6SDW_7_PROT_A,-10.92,train,train,train,test,train
6SDW_8_RNA_B_6SDW_8_PROT_A,-10.92,train,train,train,test,train
6SDW_9_RNA_B_6SDW_9_PROT_A,-10.92,train,train,train,test,train
6SDY_0_RNA_B_6SDY_0_PROT_A,-10.92,train,train,train,test,train
6SDY_10_RNA_B_6SDY_10_PROT_A,-10.92,train,train,train,test,train
6SDY_11_RNA_B_6SDY_11_PROT_A,-10.92,train,train,train,test,train
6SDY_12_RNA_B_6SDY_12_PROT_A,-10.92,train,train,train,test,train
6SDY_13_RNA_B_6SDY_13_PROT_A,-10.92,train,train,train,test,train
6SDY_14_RNA_B_6SDY_14_PROT_A,-10.92,train,train,train,test,train
6SDY_15_RNA_B_6SDY_15_PROT_A,-10.92,train,train,train,test,train
6SDY_16_RNA_B_6SDY_16_PROT_A,-10.92,train,train,train,test,train
6SDY_17_RNA_B_6SDY_17_PROT_A,-10.92,train,train,train,test,train
6SDY_18_RNA_B_6SDY_18_PROT_A,-10.92,train,train,train,test,train
6SDY_19_RNA_B_6SDY_19_PROT_A,-10.92,train,train,train,test,train
6SDY_1_RNA_B_6SDY_1_PROT_A,-10.92,train,train,train,test,train
6SDY_2_RNA_B_6SDY_2_PROT_A,-10.92,train,train,train,test,train
6SDY_3_RNA_B_6SDY_3_PROT_A,-10.92,train,train,train,test,train
6SDY_4_RNA_B_6SDY_4_PROT_A,-10.92,train,train,train,test,train
6SDY_5_RNA_B_6SDY_5_PROT_A,-10.92,train,train,train,test,train
6SDY_6_RNA_B_6SDY_6_PROT_A,-10.92,train,train,train,test,train
6SDY_7_RNA_B_6SDY_7_PROT_A,-10.92,train,train,train,test,train
6SDY_8_RNA_B_6SDY_8_PROT_A,-10.92,train,train,train,test,train
6SDY_9_RNA_B_6SDY_9_PROT_A,-10.92,train,train,train,test,train
6SO9_0_RNA_B_6SO9_0_PROT_A,-7.15,train,train,test,train,train
6SO9_10_RNA_B_6SO9_10_PROT_A,-7.15,train,train,test,train,train
6SO9_11_RNA_B_6SO9_11_PROT_A,-7.15,train,train,test,train,train
6SO9_12_RNA_B_6SO9_12_PROT_A,-7.15,train,train,test,train,train
6SO9_13_RNA_B_6SO9_13_PROT_A,-7.15,train,train,test,train,train
6SO9_14_RNA_B_6SO9_14_PROT_A,-7.15,train,train,test,train,train
6SO9_15_RNA_B_6SO9_15_PROT_A,-7.15,train,train,test,train,train
6SO9_16_RNA_B_6SO9_16_PROT_A,-7.15,train,train,test,train,train
6SO9_17_RNA_B_6SO9_17_PROT_A,-7.15,train,train,test,train,train
6SO9_18_RNA_B_6SO9_18_PROT_A,-7.15,train,train,test,train,train
6SO9_19_RNA_B_6SO9_19_PROT_A,-7.15,train,train,test,train,train
6SO9_1_RNA_B_6SO9_1_PROT_A,-7.15,train,train,test,train,train
6SO9_20_RNA_B_6SO9_20_PROT_A,-7.15,train,train,test,train,train
6SO9_21_RNA_B_6SO9_21_PROT_A,-7.15,train,train,test,train,train
6SO9_22_RNA_B_6SO9_22_PROT_A,-7.15,train,train,test,train,train
6SO9_23_RNA_B_6SO9_23_PROT_A,-7.15,train,train,test,train,train
6SO9_24_RNA_B_6SO9_24_PROT_A,-7.15,train,train,test,train,train
6SO9_2_RNA_B_6SO9_2_PROT_A,-7.15,train,train,test,train,train
6SO9_3_RNA_B_6SO9_3_PROT_A,-7.15,train,train,test,train,train
6SO9_4_RNA_B_6SO9_4_PROT_A,-7.15,train,train,test,train,train
6SO9_5_RNA_B_6SO9_5_PROT_A,-7.15,train,train,test,train,train
6SO9_6_RNA_B_6SO9_6_PROT_A,-7.15,train,train,test,train,train
6SO9_7_RNA_B_6SO9_7_PROT_A,-7.15,train,train,test,train,train
6SO9_8_RNA_B_6SO9_8_PROT_A,-7.15,train,train,test,train,train
6SO9_9_RNA_B_6SO9_9_PROT_A,-7.15,train,train,test,train,train
6U9X_0_RNA_K_6U9X_0_PROT_A,-10.087,train,test,train,train,train
